Toyota,Япония,1937,"Тоёда, Киитиро"
Ford,Америка,1903,Генри Форд
Chevrolet,Америка,1911,"Луи Шевроле, Уильям Дюрант"
Nissan,Япония,1933,Масудзиро Хасимото
Hyundai,Корея,1967,Чон Чжу-ён
KIA,Корея,1957,Чан Чжу Юн
Mercedes-Benz,Германия,1926,Карл Бенц
BMW,Германия,1916,Карл Фридрих Рапп
Opel,Германия,1862,Адам Опель
Mazda,Япония,1920,Дзудзиро Мацуда
Acura,Япония,1986,"М. Аккавитти, Э. Беркмэн"
Volkswagen,Германия,1937,"Фердинанд Порше, Якоб Верлин"
Citroen,Франция,1919,Андре Гюстав Ситроен
Volvo,Швеция,1927,"Ассар Габриелссон, Густаф Ларсон"
Skoda,Чехия,1895,Эмиль Шкода
Land Rover,Великобритания,1948,"Сайрус Мистри, Ральф Спет"
Renault,Франция,1899,"Фернан, Луи, Марсель Рено"
Honda,Япония,1948,Соичиро Хонда
Datsun,Япония,1911,"Карлос Гон, Винсент Кобе"
Mitsubishi,Япония,1870,Ивасаки Ятаро
Audi,Германия,1909,Аугуст Хорьх
Jeep,США,1941,"Серджио Маркионне, Майкл Мэнли"
LADA,Россия,1966,ЦК КПСС
УАЗ,Россия,1992,Сергей Мусихин
Peugeot,Франция,1882,Арман Пежо
Daewoo,Корея,1967,Ким Ву Чун
SsangYong,Корея,1954,Hyung-Tak Choi
Lexus,Япония,1989,Эйдзи Тойода
Subaru,Япония,1954,Кэндзи Кита
Suzuki,Япония,1909,Митио Судзуки
Infiniti,Япония,1989,Билл Брюс
Fiat,Италия,1899,Джованни Аньелли
Chery,Китай,1997,Инь Тунъяо
Lifan,Китай,1992,Инь Миншань
Geely,Китай,1986,Ли Шуфу
Great Wall,Китай,1976,Ван Фэнин
Jaguar,Великобритания,1922,"Уильям Лайонс, Уильям Уолмсли"
Lamborghini,Италия,1963,Ферруччо Ламборгини
Moest,Ботсвана,1942,Orlando Finizio
Lessen,Ботсвана,1853,Jewel Wall
Vertrek,Черногория,1963,Roderick Hase
Gespeeld,Гана,1861,Никифор Хохлов
Leert,Бельгия,1992,Gaetano Mancino
Waar,Чад,1861,Фирс Фортунатов
Aangetrokken,Джибути,1884,Ада Купряшина
Media,Бенин,1978,Christel Huff
Gesteld,Сомали,1931,Климент Фёдоров
Nutteloos,Мальта,1950,Игнатий Алексин
Slaag,Ливан,1980,Bradamante Saggio
Zet,Словакия,2001,Платон Боголюбский
Concentreren,Таиланд,1994,Orazia Nanni
Gezet,Чехия,1910,Waldo Scholz
Duurde,Уганда,1889,Gaetana Zocchi
Mn,Кирибати,1948,Joey Prince
Vliegen,Кот-д’Ивуар,1946,Frida Wolf
High,Куба,2010,Karysa Conti
Tracy,Белиз,1927,Serafino Lona
Vloot,Папуа,1956,Antonia Herbert
He,Судан,1891,Johann Fuchs
Plassen,Колумбия,1885,Verona Dirksen
Voorbeeld,Куба,1974,Tarah Meadows
Restaurant,КНДР,2004,Unna Herbert
Doen,Камбоджа,1888,Elois Silva
Doodgaan,Армения,1960,Вениамин Чуприянов
Moskou,Бутан,1930,Hartmann Schmidt
Tony,Южный Судан,2006,Ned Webster
Keren,Буркина-Фасо,1934,Lilliam Savage
Vreemd,Ирак,1863,Barend Beltz
Schijnen,Туркмения,1855,Gwyneth Gregory
Bemoei,Палау,1953,Владислава Нефедьева
Succesvol,Колумбия,1855,Линда Радугина
Schreeuwen,Колумбия,1929,Humiliana D’Antona
Echtgenoot,Республика Корея,1961,Philipp Schmidt
Verwijderen,Исландия,1970,Luisella Schiappa
Morgenochtend,Мозамбик,1991,Willie Baumann
Hek,Тонга,1997,Dolce Agosta
Munitie,Бруней,1856,Eberhard Dirksen
Duw,Люксембург,1953,Talitha Munoz
Bedank,Зимбабве,2005,Михаил Земляной
Weken,Бразилия,1895,Парфений Веселый
Snelweg,Словения,2007,Friedemann Gross
Nadert,Алжир,1992,Mirjam Eckstein
Recht,Украина,1890,Магда Дмитриева
Meenemen,Антигуа и Барбуда,1951,Patrizio Pantano
Sean,Мальта,1987,Meda Shannon
Jouwe,Джибути,2005,Элиза Солнцева
Mezelf,Турция,1860,Carissa Zanni
Verkeerd,Нигерия,1966,Инна Фалалеева
Kasteel,Албания,1881,Родион Остальский
Stukken,Австрия,1961,Donielle Bartolomeo
Broodje,Италия,2000,Calvin Bergfalk
Had,Шри-Ланка,1943,Alberto Galano
Cool,Латвия,1990,Лола Огарева
Ricky,Сент-Люсия,1956,Leola Cogliano
Goedenacht,Судан,1906,Beau Norton
Stroom,Танзания,1986,Efren Todd
Ongeluk,Турция,1929,Deangela Savini
Achterkant,Египет,1996,Лукьян Андрианов
Schrijft,Куба,1958,Нурия Котова
Voordeel,Гватемала,1945,Gianpiero Negro
Vijanden,Таджикистан,1865,Walter Junge
Doorstaan,Сейшельские Острова,1910,Guerino Baudo
Plaats,Бутан,2003,Мстислав Большаков
Lichamen,Бутан,1936,Гордей Самсонов
Mogen,Гондурас,1983,Галия Хераскова
Turner,Бутан,1858,Anton Mayer
Mag,Коморы,1862,Kurt Groos
Hersteld,Гана,1932,Божена Самылина
Vermoordt,Афганистан,1924,Белла Залыгина
Kort,Иран,1951,Clay Mays
Gehoord,Бельгия,1994,Mitchell Roth
Eli,Республика Корея,1906,Martin Solis
Bleven,Сент-Люсия,1930,Maso Falsone
Aangenomen,Ирак,1966,Isabella Passantino
Halen,Мали,1959,Mona Varrone
Verbonden,Вьетнам,1937,Прокопий Лунц
Aanbieden,Иран,1886,Candyce Wiggins
Loser,Джибути,1877,Martin Navarro
Daarover,Аргентина,1952,Quianna Baumhauer
Spelletjes,Белиз,1892,Angelina Jordan
Ervaren,Бельгия,1990,Никодим Веденский
Vrouwelijke,Демократическая Республика Конго,1965,Benz Kühn
Bierdopje,Колумбия,1990,Samantha Heintze
Opgehangen,Коста-Рика,1969,Alexandra Aldi
Raad,Либерия,1881,Marietta Savo
Ziens,Намибия,1880,Caren Behrends
Straling,Маршалловы Острова,1942,Pepin Möller
Schuur,Индия,1943,Lütold Dohman
Verbergt,Мальта,1973,Ерофей Антонов
Caroline,Джибути,2008,Фатима Фофанова
Wonden,Мадагаскар,1991,Gebhard Diefenbach
Heel,Монголия,1883,Rashad Baker
Stal,Литва,1860,Blake Walters
Okee,Руанда,1937,Bonito Cammarano
Boel,Иордания,1886,Valene Macdonald
Sloot,Колумбия,1970,Лейла Аристархова
Vrede,Чехия,1859,Sesto Brenna
Blad,Италия,1885,Lianne Aguirre
Beiden,Китай,1857,Kimbra Bolton
Ondertitel,Кот-д’Ивуар,1864,Айгерим Измайлова
Wedden,Лаос,1872,Marzio Chirico
Geweren,Экваториальная Гвинея,1873,Cascata Corbo
Binnenkort,Самоа,1858,Chante Baker
Douche,Мали,1982,Andria Florian
Teruggeven,Австралия,1894,Платон Собакин
Sterren,Болгария,1856,Alder Beringer
Rebecca,Ливан,1870,Donnie Downs
Mevr,Лесото,1928,Gerhardt Brandt
Monica,Таджикистан,1917,Kriemhild Brotz
Geheimen,Восточный Тимор,1944,Holger Ebner
Stonden,Румыния,1972,Pancrazio Agostini
Mond,Бруней,1929,Rodrigo Morocco
Ann,Албания,1883,Mischa Brant
Leeuw,Малави,1883,Ираида Агеева
Geniaal,Зимбабве,1895,Зульфия Архипьева
Spullen,Венгрия,1870,Leoni Schulz
Bereiken,Боливия,1859,Karl Gottschalk
Zal,Нидерланды,1967,Nadine Kaiser
Lieveling,Эсватини,1953,Martin Freund
Sandy,Бутан,1862,Mireille Hays
Ticket,Нидерланды,1850,Frank Essert
Dagboek,Кот-д’Ивуар,1897,Florian Gehring
Vond,Гамбия,1927,Christian Abeln
Combinatie,Кипр,1851,Демид Вотрин
Huilde,Лихтенштейн,1904,Hollis Olsen
Trouwen,Исландия,1942,Pasqualina Columbo
Lui,Фиджи,1912,Joshua Mosley
Vent,Венесуэла,1967,Samantha Beckert
Bedrijf,Йемен,1999,Enrique Montoro
Vader,Перу,1959,Hung Callahan
Bewerkt,Исландия,1964,Frauke Bayer
Geef,Монголия,1938,Каре Антоньева
Zelfmoord,Бахрейн,1979,Latoyia Tucker
Schurk,Иордания,1938,Inge Lange
Verkopen,Чад,1961,Sieglinde Hasek
Oscar,Мьянма,1956,Rudy Krause
Christus,Кабо-Верде,1975,Лиора Акимова
Stevig,Таиланд,1924,Dionna Herman
Leid,Киргизия,1871,Моника Есина
Keken,Саудовская Аравия,1886,Anette Jund
Genieten,Демократическая Республика Конго,1993,Berger Klein
Afgemaakt,Словакия,1942,Marzia Colucci
Beroep,Гаити,1940,Емельян Златогорский
Maatschappij,Танзания,1919,Giraldo Bove
Echte,США,1959,Ксения Ионина
Fransen,Румыния,1880,Dyan O'donnell
Stront,Белиз,1931,Nigel Rodriguez
Brigadier,Иран,1934,Eilhard Garb
Plotseling,Венгрия,1984,Gretel Gerhard
Beweegt,Франция,1915,Wernher Gros
Achtergelaten,Тунис,2010,Лукьян Зиганшин
Gedurende,Филиппины,1850,Joachim Blecher
Programma,Япония,1888,Никанор Козьмин
Vermoorden,Киргизия,1888,Ефрем Протоклитов
Gegroet,Тунис,1927,Оливия Филаретова
Britse,Эфиопия,1899,Giulia Vivolo
Brandt,Бразилия,2001,Natalie Schmitz
Malcolm,Молдавия,1997,Imelda Gwerder
Enorme,Венесуэла,2007,Indro Tognetti
Trok,Нигер,1929,Michelangela Tino
Spoor,Оман,2002,Aletta Perrone
Verstoppen,Колумбия,1986,Агафон Гуляев
Praatte,Чехия,1877,Amara Hochberg
Wagen,Румыния,1862,Ernesta Del Buono
Verschrikkelijk,Шри-Ланка,1965,Арина Никанорова
Contacten,Алжир,1891,Riley Cannon
Lig,Польша,1854,Nenita Christensen
Verzinnen,Киргизия,1952,Евгений Мирошников
Geïnteresseerd,Замбия,1895,Kasper Biermann
Men,Алжир,1987,Святослав Осоргин
Doodgaat,Филиппины,1906,Vinnie Simmons
Einde,Исландия,1918,Фариза Щеглова
Hetgeen,Белоруссия,1970,Ferdinand Hofer
Vissen,Тринидад и Тобаго,1930,Антонина Аркадова
Afwachten,Ангола,1919,Alwin Dreschner
Huh,Мьянма,1943,Sindy Cabrera
Waarin,Португалия,1896,Руслан Замыслов
Straat,Турция,1918,Аглая Насонова
Wagens,Сальвадор,1973,Cornelia Fischer
Eeuw,Кувейт,1883,Lombardi Beninato
Fabriek,Гондурас,1976,Корнилий Макаренко
Set,Вьетнам,1893,Agatho Caponigro
Busje,Марокко,1881,Bibiana De Nigris
Feestje,Парагвай,2002,Vesuvio Saponaro
Vliegt,Руанда,1962,Leopoldo Davide
Best,Латвия,1928,Sven Thomas
Wallace,Пакистан,1935,Rodrick Hutchinson
Commissaris,Япония,1862,Gervasio Machi
Robert,Науру,1882,Emerich Brauer
Vrachtwagen,Чили,1932,Brigida Sasso
Overeind,Латвия,1919,Pisano Tiberio
Gene,Монголия,1926,Levin Hoffman
Afspreken,Бруней,1972,Nerina Laurenti
Verstand,Эфиопия,1921,Rino La Monte
Samen,Колумбия,2000,Elmar Carver
Nergens,Сальвадор,1947,Carmyne Lauria
Waarde,Бахрейн,1889,Angeline De Cesare
Troon,Парагвай,1960,Влас Щукин
Glazen,Япония,1956,Elisa Frei
Ln,ЮАР,1986,Katherin Floyd
Gibbs,Намибия,1897,Kriemhild Hofmann
Justitie,Барбадос,2002,Rinaldo Pasquarello
Football,Колумбия,1993,Виолетта Лялина
Handboeien,Уганда,1916,Lucia Fratello
Up,Армения,1937,Marthe Hahn
Recept,Бельгия,1985,Raffaella Carilli
Stoere,Испания,1959,Ангелина Блохина
Anti,Ливия,2010,Herman Ellison
Vertrok,Андорра,1961,Ubaldo Cappelletti
Daarnet,Мозамбик,1920,Заира Цепова
Probeerden,Зимбабве,2003,Ernie Herzog
Voorwaarts,Бутан,1988,Hanne Garver
Experiment,Малайзия,1996,Ростислав Гагарин
Snelle,Зимбабве,1896,Severin Bergmann
Doos,Сент-Китс и Невис,1902,Aaron Hyde
Penis,Гамбия,1863,Леся Немирова
Gedrag,Центральноафриканская Республика,1965,Tim Conner
Gevoel,Белиз,1982,Zelda Frost
Achter,Габон,1998,Livio Nicoletta
Meneer,Австралия,1912,Gretchen Augustin
Lerares,Демократическая Республика Конго,1930,Leo Decker
Back,Непал,1877,Jupp Horn
Beter,Лесото,1978,Heller Peters
Strak,Словакия,1870,Иветта Косая
Cultuur,Ливия,1871,Arndt Wolff
Vloer,Мексика,1999,Agostino Restuccia
Kleur,Новая Зеландия,1945,Michael Nolan
Partners,Уганда,1887,Элеонора Бирюкова
Info,Того,1856,Eulalia Ferone
Egoïstisch,Мьянма,1975,Rosangela Chiappini
Dan,Соломоновы Острова,1875,Lucca Brigandi
Bezet,Уганда,1921,Sonje Geisler
Sally,Китай,1932,Settimio Traina
Theater,Алжир,1899,Alois Freund
Uitgaan,Казахстан,1933,Jacqueline Dirks
Geweer,Мали,1886,Mathew Strong
Verdere,Сент-Китс и Невис,1913,Каролина Перфильева
Ademt,Мадагаскар,1876,Angiola Mellone
Eer,Саудовская Аравия,1896,Umberto Dentice
Jennifer,Центральноафриканская Республика,1908,Britt Sutton
Enige,Эстония,1905,Andreina Tiano
Gemeen,Бангладеш,1910,Calinda Coscia
Ontwikkeld,Ангола,1962,Забава Крапивина
Elkaars,Турция,1967,Johana Lyons
Strijd,Индия,1942,Nicostrato Cardinale
Gebeuren,Сент-Винсент и Гренадины,2009,Wayne Murphy
Walker,Лаос,1991,Sander Horowitz
Vlakbij,Андорра,2008,Емельян Могила
Verdachte,Оман,1934,Sieglind Duerr
Fort,Египет,1850,Desideria Badamo
Kwijtraken,Латвия,1872,Winfried Ackermann
Bevestigen,Оман,2010,Лета Токарева
Krijgt,Молдавия,1910,Тихон Банников
Oliver,Филиппины,1859,Manfredo Nalbone
Beleefd,Руанда,1962,Доминика Анцыферова
Lang,Литва,2004,Ahren Hertz
Spiegel,Чили,1973,Adalgisa Abt
Herhalen,Нигер,1860,Sonja Junge
Rots,Катар,1925,Michaela Grosse
City,Андорра,1929,Samanta Ale
Lijkt,Турция,1940,Dierk Ziegler
Martin,Таджикистан,1866,Octavius De Fino
Heerlijk,Парагвай,1863,Bice Leggio
Teleurstellen,Испания,1883,Napoleon Bernard
Spelers,Уганда,1996,Volante Lo Faso
Wow,Азербайджан,1980,Еремей Радугин
Netjes,Камерун,1889,Daniel Gros
Haren,Колумбия,1850,Krimhilde Freund
Rond,Босния и Герцеговина,1974,Магда Филкова
Armen,Кения,1910,Benvolio Lorenzetti
Minstens,Сейшельские Острова,1890,Назар Жарковский
Brave,Бурунди,1888,Евстафий Радищев
Bedoelde,Мозамбик,1853,Ангелина Аникеева
Lieverd,Барбадос,1986,Bernadine Schmid
Dave,Намибия,1986,Adalgisa Auer
Ongerust,Эстония,1872,Marietta Fioretti
Overleefd,Уганда,1860,Антонин Семенов
Machtig,Антигуа и Барбуда,1960,Хрисанф Панаев
Ontvoerd,Доминика,1954,Danika Hickman
Boeken,Танзания,1923,Brünhilde Biermann
Allebei,Швейцария,1971,Robin Bambach
Grond,Новая Зеландия,1975,Jianna Pasquariello
Spel,Ливан,1980,Sebastian Bernat
Ontmoette,Уругвай,1936,Тимофей Фенев
Noodgeval,Гвинея,1899,Leontina Masino
Langzaam,Барбадос,1873,Flavia Horton
Wees,Гвинея,1871,Friedhold Gottschalk
Vooral,Греция,1993,Tabea Brotz
Gauw,Бруней,1922,Elba Famularo
Schoten,Вьетнам,1882,Есения Панкратьева
Lieve,Вьетнам,1872,Nicolas Carlson
Vermoordde,Италия,1949,Lino Campagna
Staf,Зимбабве,1888,Томирис Шаликова
Gevangen,Бразилия,1982,Ricarda Affinito
Ontslaan,Египет,1887,Uberto Longo
Schreeuw,Восточный Тимор,1953,Раиля Корабальникова
Aardige,Гвинея-Бисау,2005,Stephanie Feldt
Volgens,Афганистан,1922,Федосей Игнашев
Verloor,Гана,1924,Лукий Галкин
Soldaat,Босния и Герцеговина,1873,Aryanna Flaminio
Script,Россия,1918,Juliette Mainini
Breken,Пакистан,1857,Samual Dunlap
Lichaam,Австралия,1913,Габриэлла Софронова
Computer,Гаити,1929,Аделина Воротникова
Blue,Таджикистан,1875,Benigna Teti
Beheersen,Колумбия,1931,Фотий Парщиков
Personen,Великобритания,1958,Amo Buglione
Se,Мальдивы,1855,Энже Лаврентьева
Eve,Того,2009,Эльнара Минаева
Maatje,Эсватини,1955,Тимур Мозгов
Verward,Босния и Герцеговина,1954,Kristel Long
Majesteit,Словения,1880,Clara Trotti
Techniek,Сан-Марино,1878,Stan Peters
Bezoeken,Чехия,1930,Sibylle Graner
Kwaad,Восточный Тимор,1992,Рогнеда Кедрина
Aanbod,Бутан,2005,Лана Янина
Kwijtgeraakt,Коморы,1954,Friedemann Weber
Gescheiden,Гвинея-Бисау,1859,Мадлен Маятникова
Gelukkig,Ангола,1941,Klara Lorenz
Stuur,Нидерланды,1972,Геннадий Банников
Ongelooflijk,Канада,1927,Natalia Cipriani
Eenzame,Тувалу,1903,Sebastiano Cifarelli
Mevrouw,Франция,1902,Adele Becker
Hoopte,Кения,1899,Saul Castro
Huidige,Ботсвана,1935,Ladislao Gentili
Haaien,Кувейт,1941,Zola Falsetta
Wei,Монако,1998,Vonn Haas
Wonderen,Ямайка,1942,Rheba Fisher
Meen,КНДР,1981,Fiorello Spedale
Tekst,Португалия,1935,Reid Little
Haast,Эритрея,1998,Giordana Ricciardi
Excuseer,Саудовская Аравия,1901,Charlena Murray
Gekregen,Азербайджан,1852,Berger Brun
Risico'S,Барбадос,1994,Amalie Breitbarth
James,Экваториальная Гвинея,1909,Anneliese Gunther
Hoofd,Саудовская Аравия,1987,Marcello Angelini
Murphy,Мозамбик,1972,Златослава Смольникова
Ethan,Науру,1988,Günther Dresdner
Ge,Венгрия,1883,Shawn Ford
Luchthaven,Монако,1984,Zeno Pappalardo
Thanksgiving,Норвегия,2010,Аля Молчанова
Wisselen,Индонезия,1861,Bautista Tognetti
Gingen,Австрия,1937,Warner Hale
Tong,Аргентина,1964,Xiomar Bussa
Probeerde,Афганистан,1961,Thomasine Graham
Overwegen,Бруней,1899,Berenice Gay
Steekt,Финляндия,2008,Алеста Гостева
Gebeurtenissen,Исландия,1945,Michaela Garb
Merken,Япония,1987,Remigio Blasi
Gordon,Либерия,1996,Магистриан Збруев
Waardeloze,Филиппины,1982,Giustino Zanetti
Muren,Сербия,1862,Семён Белезянский
Wachten,Нигер,1989,Cerelia La Bella
Doorgaat,Пакистан,1880,Daisey Parker
Traditie,Фиджи,1900,Ezequiel Chase
Overvallen,Сент-Китс и Невис,1856,Shena Mccall
Jenny,Кувейт,1975,Klaus-Peter Holzknecht
Scott,Мали,1962,Eva Schmid
Job,Канада,1998,Sherly Pollard
Dana,Гаити,1998,Armando Altavilla
Cody,Мадагаскар,1880,Arsenia Cannada
Heus,Китай,1955,Marylyn Bush
Verdorie,Замбия,1872,Felicia Burgstaller
Bijna,Гренада,1889,Yuriko Shepherd
Misverstand,Япония,1998,Айсылу Вавилова
Pijnlijk,Ливан,1958,Lilla Maddox
Godverdomme,Малави,2001,Лаура Зеленина
Straffen,Мексика,1929,Fritzi Esser
Piloot,Фиджи,1980,Ted Stevens
Letten,Финляндия,1918,Brain Blankenship
Zo'N,Гамбия,1854,Потап Епенетов
Eikels,Камбоджа,1887,Samuel Gerstle
Hufter,ОАЭ,1992,Федосей Хадеев
Minste,Филиппины,1961,Василий Буйда
Hup,Маврикий,1878,Ronald Hoch
Onbekende,Аргентина,1913,Jonathan Olson
Gelaten,Италия,1998,Doyle Chang
Duitsers,Гаити,1932,Germar Bleier
Carl,Эфиопия,1990,Ирада Корнильева
Ashley,Малави,1957,Daryl Murphy
Mexico,Эритрея,1873,Carmina Evans
Verspillen,Зимбабве,1879,Mette Heinrichs
Checken,Чехия,2002,Lili Achterberg
Vermijden,Бруней,1946,Earl Williams
Drink,Иордания,1990,Torre Blanda
Verdrietig,Сан-Марино,1999,Зиновий Баскаков
Aas,Сингапур,1926,Alwine Gaertner
Planeet,Исландия,1977,Betta Perna
Was,Гондурас,1946,Chi Barber
Zaak,Йемен,1887,Domenica Pasquale
Boeren,Венесуэла,1903,Zelig Vogt
Bezorgd,Ботсвана,1879,Agnella Comolli
Hoeft,Гватемала,1964,Хрисанф Язов
Hersens,Венесуэла,1958,Ай Графинина
Rand,Багамские Острова,1935,Перизат Кобзева
Emma,Эстония,1888,Imelda Lodi
Applaus,Бутан,1996,Артём Игнатов
Lijst,Вануату,1933,Elga Beltz
Hoop,Йемен,1926,Kurtis Whitley
Maten,Киргизия,1928,Leonard Hancock
Overeen,Ирак,1967,Леся Булганина
Houd,Саудовская Аравия,1856,Brett Alston
Beloven,Туркмения,1886,Nicolas Gottlieb
Excuseren,Кирибати,1966,Elysa Berenato
Wegkomt,Таиланд,1896,Calvino Binetti
Twaalf,Самоа,1870,Аиша Ежова
Juli,Бельгия,1978,Zenzi Faust
Bieden,Филиппины,1896,Leuther Holtzer
Advies,Сан-Томе и Принсипи,1855,Aurelio Travaglini
Storing,Мальдивы,1997,Giorgino Celentano
Jongen,Республика Конго,1910,Варсонофий Молчанов
Betaalt,Багамские Острова,1861,Anzia Francia
Ingewikkeld,Папуа,1922,Hansel Ludwig
Engels,Катар,1962,Максим Маляров
Maken,Гамбия,1918,Francie Shields
Kreng,Хорватия,2005,Detra Clemons
Gestuurd,Греция,1965,Calvina La Penta
Teruggaan,Перу,1896,Guerino Cino
Stel,Нидерланды,1936,Sofia Campanile
Volgende,Гаити,1861,Иуда Фавстов
Zelfs,Кувейт,1881,Tino Paluzzi
Resultaat,США,1962,Wendolyn Guzman
Belooft,Сейшельские Острова,1951,Sona Frederick
Luchtmacht,Ирак,1979,Albert Forst
Star,Ливия,1890,Глеб Лапутин
Vroeger,Эритрея,1859,Rollin Kraus
Dwars,Босния и Герцеговина,1902,Назар Копылов
Uitleg,Дания,1974,Dafne Cocuzza
Parker,Мозамбик,1937,Емельян Звоницкий
Houston,ЮАР,1879,Анжела Богуславская
Mm,Чад,1999,Lawrence Jensen
Boston,Кирибати,1960,Cirrillo Fradella
Favoriet,Финляндия,1859,Justina Querin
Meerdere,Мьянма,1998,Minta Park
Macht,Испания,1892,Herta Andreas
Toegang,Эстония,1904,Alfred Jans
Kooi,Федеративные Штаты Микронезии,1913,Benno Krüger
Zorgen,Судан,1914,Алтын Ивлева
Idioten,Папуа,1990,Adalberto Pace
Annie,Мальдивы,1966,Fritz Möller
Voorkomen,Молдавия,1951,Ellena Vacco
Lachen,Кувейт,1922,Jovanni Vettraino
Dumpen,Восточный Тимор,1880,Danae O'neil
Betere,Уругвай,1959,Pierina Farone
Erdoor,Сенегал,1987,Philipp Holtzer
Gebruik,Узбекистан,1854,Вадим Полукарпов
Vertrouwt,Таиланд,1904,Челси Власьева
Gouverneur,Чехия,1971,Жозефина Радищева
Kloten,Никарагуа,1874,Валентин Слепнёв
Verder,Сингапур,1877,Sylvia Buchholz
Prettig,Демократическая Республика Конго,1915,Emmitt Cooley
Spanning,Гвинея-Бисау,1887,Martin Bird
Langzamer,Сан-Марино,1989,Vicente Harrison
Klein,Нигерия,1953,Берта Никифорова
Steek,Кот-д’Ивуар,2004,Antonina Floyd
Hoewel,Камерун,1885,Timo Hahn
Training,Исландия,1901,Назар Манулкин
Films,Центральноафриканская Республика,1950,Nora Mayer
Onderschat,Китай,1904,Marcellino Bocci
Boten,Ямайка,2008,Matthias Horowitz
Geopend,Бурунди,1855,Zofia Salinas
Stopte,Бурунди,1970,Columbus Davis
Knappe,Люксембург,1974,Ramona Gwerder
Onderweg,Египет,1861,Mathilda Holtzer
Stom,Турция,1924,Analise Hertz
Leugens,Иордания,1952,Никанор Донецкий
Jullie,Судан,1982,Заира Якимова
Gevochten,Норвегия,1922,Arron Jenkins
Clay,Ливан,1869,Антонин Меркурьев
Sprak,Египет,1941,Gale Shields
Pikken,Иордания,1929,Bianca Carra
Zoekt,Венгрия,1945,Ross Clayton
Vrees,Бутан,2008,Alanzo Paolucci
Luxe,Мексика,1960,Dieter Stein
Bestaat,Гватемала,1959,Justina Cotroneo
Walt,Танзания,1923,Ellen Dahl
Noch,Антигуа и Барбуда,2009,Holger Hofmeister
Koud,Коморы,1905,Vern Andrews
Dienst,Ливия,1889,Erick Whitley
Rook,Фиджи,1959,Tran Pratt
Morgan,Гайана,1861,Vitalian Magnone
Bescherm,Мали,1974,Kasper Adler
Situatie,Сан-Марино,1990,Леонид Жуков
Diamanten,Индия,1932,Энже Фокина
Opgeblazen,Гватемала,1866,Rodrigo Repetti
Kogels,Туркмения,2002,Matthias Hochberg
Trekt,Финляндия,1878,Adolfo Rini
Tiener,Ямайка,1878,Дарина Макина
Schelen,Кения,1977,Пётр Беспалов
Gestraft,Центральноафриканская Республика,1913,Michelle Dresdner
Machine,Саудовская Аравия,1931,Рамина Серова
Blonde,Китай,1868,Galileo Franze
Overlevenden,Ямайка,2007,Павел Агапеев
Welterusten,Ирландия,1897,Mikel Porter
Slimmer,Иордания,1901,Ростислав Котов
Al,Кувейт,1980,Claudio Calicchio
Go,Мадагаскар,2010,Луна Мозговая
Opgepakt,Оман,1964,Katharina Dodson
Drama,Южный Судан,1974,Gricelda Wilkins
Prinses,Мальта,1887,Swanhild Gotti
Innemen,Литва,1984,Dan Wilkins
Hierin,Куба,1862,Степан Амарантов
Gezelschap,Барбадос,1924,Heinrich Bosch
Zieke,Никарагуа,2010,Norma Danese
Gok,Доминиканская Республика,1880,Bastian Feldt
Wit,Бельгия,1870,Ken Travis
Banen,Азербайджан,1987,Diedrich Jäger
Middelbare,Колумбия,1980,Earlean Crawford
Saus,Сингапур,1894,Bianka Schmitt
Bestellen,Багамские Острова,1932,Christof Gabler
Professor,Суринам,1930,Cassy Ayers
Waarop,Нигерия,2005,Damian Farmer
Volgen,Канада,2007,Агафон Новосёлов
Begrepen,Египет,1959,Поликарп Стародубцев
Hut,Марокко,1930,Денис Ситников
Schedel,Украина,1889,Xaviero Mazziotta
Bewegen,ОАЭ,1997,Sherman Hickman
Verwerken,Исландия,1981,Magdalene Mayer
Logboek,Гана,1937,Sharolyn Brock
Geldt,Ирак,1909,Лидия Бажова
Bedoeld,Бурунди,1888,Antje Fleischer
Exact,Зимбабве,1917,Сесилия Лагина
Ministerie,Соломоновы Острова,1885,Даниэла Согрина
Kijk,Украина,1904,Borachio Funari
Genie,Бутан,1911,Ottavio Avolio
Speelgoed,Ирландия,1932,Амаль Маркелова
Blanke,Коморы,1854,Sigrid Kraus
Verlaten,Уганда,2009,Frederick Mayer
Uitziet,Эквадор,1916,Leobardo Spadoni
Discussie,Ботсвана,1878,Sabino La Monica
Gestudeerd,Бутан,1853,Этери Меркурьева
Smeris,Тувалу,1900,Lanz Strada
Kamp,Грузия,1871,Леонид Рыльников
Bedoel,Россия,1947,Elario Barberio
Kont,Гаити,2003,Rainer Foth
Schutter,Колумбия,2000,Sigmund Andres
Kerstmis,Федеративные Штаты Микронезии,1946,Terrance Ward
Lets,Сомали,1890,Liesa Hasek
Welke,Чили,1978,Germano Sarno
Gestoorde,ЮАР,1997,Ким Ливадный
Rechten,Мозамбик,1944,Augustino Cifarelli
Gat,Грузия,1928,Bruna Rosales
Gods,Панама,1940,Florian Dresdner
Collins,Эсватини,1919,Грета Поплавская
Open,Китай,1900,Геласий Мухин
Moeten,Руанда,1987,Аксинья Володарская
Wegging,Испания,1860,Вера Капитонова
Belangrijker,Туркмения,1980,Jenoa Ricca
Kenden,Соломоновы Острова,1960,Giacobbe Caparelli
Drie,Ливия,1969,Bruno Müller
Terroristen,Швейцария,1867,Horace Holloway
Ouders,Болгария,1939,Агунда Филипьева
Bedoeling,Доминика,2005,Gustavo Sturniolo
Vice,Доминиканская Республика,1920,Фелиция Купряшина
Kapitein,Тонга,1879,Милослава Ганиева
Parkeerplaats,Чехия,1971,Виктория Алейникова
Podium,Люксембург,1859,Fortino Da Ponte
House,Руанда,2001,Aldo Blanchard
Lady,Зимбабве,1939,Alix Bond
Universum,Федеративные Штаты Микронезии,1924,Edith Jordan
Stark,Замбия,1892,Orlando Zamboni
Laat,Ботсвана,1896,Waylon Lawrence
Dicht,Республика Конго,1963,Ottomar Bumgarner
Brad,Куба,1916,Katja Richter
Geleefd,Канада,1956,Susi Peters
Goedenavond,Австралия,1855,Bonifacio Labriola
Weinig,Сальвадор,1943,Самуил Бураченко
Jason,Науру,1973,Arlo Borghese
Ligt,ЮАР,1972,Kriemhilde Ackermann
Koninklijke,Эфиопия,1863,Waltraud Garver
Donder,Лаос,1884,Josphine Mcguire
Regel,Йемен,1886,Донат Гляделкин
Maat,Доминиканская Республика,1918,Doug Mercado
As,Панама,1929,Gabi Andres
Ruikt,Самоа,1928,Лилиана Валентинова
Internationale,Эфиопия,1987,Kareem Spencer
Vooruitgang,Словения,1907,Alcina Ambrosi
Hebt,Гватемала,1946,Tiziana Fortuna
Brood,Новая Зеландия,1952,Alex Hull
Gevaar,Намибия,1987,Olaf Bambach
Achtergrond,Гана,1864,Benedict Evola
Leiding,Сербия,1945,Рогнеда Литаврина
Grand,Босния и Герцеговина,1950,Rainer Jager
Kwamen,Багамские Острова,1998,Frieda Arnold
Kluis,Восточный Тимор,1983,Imelda Heidrich
Vat,Науру,1908,Benito Steele
Behandeling,Ангола,1974,Melia Sherman
Vreselijke,Алжир,1924,Simonetta Rebecca
Aanwezigheid,Ливия,1960,Gianina Dell’Anno
Klootzak,Мозамбик,1865,Alexandra Brotz
Anton,Гайана,1980,Илина Лапина
Rijdt,Маршалловы Острова,1927,Massima Morocco
Omgekomen,Джибути,1966,Eliodoro Laurenti
Aantrekken,Гренада,1921,Жоржина Советова
Gijzelaars,Финляндия,1927,Анфиса Успенская
Schrijf,Филиппины,1862,Карима Заборова
Lelijk,Коморы,2000,Лукий Нефедьев
Tess,Камбоджа,1997,Inell Shepard
Uitzondering,Гвинея-Бисау,2003,Федосей Самылин
Sid,Танзания,1897,Thaddeus Boyd
Zodat,Гаити,1992,Wulf Grosz
Borrel,Черногория,1856,Betta Tarolli
Slachtoffers,Мальта,1967,Рада Витязева
Na,Мадагаскар,2000,Архипп Чуров
Tieten,Науру,1948,Damien Morin
Schoft,Польша,1918,Alice Gehrig
Gevaarlijk,Руанда,1953,Артур Сараскин
Gelopen,Нигерия,1884,Arvilla Nielsen
Ideeën,Алжир,1902,Axel Schmitz
Bingo,Литва,1869,Агафья Морковина
Parijs,Германия,1913,Sigmond Buckholtz
Bedoelt,Гамбия,1929,Filomena Paoletta
Partij,Мальта,2006,Elisa Baum
Vervloekt,Албания,1886,Mylon De Bernardi
Verdiend,Папуа,1900,Guglielmo Gugliotta
Doorbrengen,Эсватини,1943,Dorathy Mcknight
Ruil,Габон,1964,Friedegunde Bretz
Woensdag,Танзания,1924,Earleen Mckenzie
Godsnaam,Германия,1890,Дмитрий Евменьев
Reactie,Таджикистан,1929,Ким Богоявленский
Ratten,Латвия,1980,Феликс Веневитинов
Vorig,Сингапур,1981,Hartwin Falk
Antwoorden,Ливия,1939,Веста Пахмутова
Opgehaald,Парагвай,1945,Carroll Ellison
Kwade,Сент-Китс и Невис,1986,Benvolio Sartini
Ophouden,Камерун,2000,Florentina Baldassarre
Af,Гаити,1924,Richard Kraus
Omheen,Иордания,1941,Алана Лукошина
Velen,Кувейт,1925,Otis Schmitt
Nieuwsgierig,Малави,1854,Ingeburg Hildebrand
Kirk,Лаос,1967,Arnelle Jans
Andy,Перу,1902,Marcio Catano
Shaw,Эритрея,1905,Audie Rodgers
Augustus,Словения,1994,Bell Miranda
Vlag,Фиджи,1899,Ellena De Cristofaro
Pistool,Тувалу,1937,Paco Perugini
Duistere,Перу,1880,Bonfilia Centore
Verdwenen,Хорватия,1910,Gerd Ackermann
Rug,Судан,1867,Marylyn Lang
Thomas,Босния и Герцеговина,1969,Зоряна Орловская
Gezegend,Сингапур,1912,Эдуард Бабиков
Bevel,Сейшельские Острова,1876,Salvatorio Virzi
Onthoud,Сент-Китс и Невис,1857,Otis Jaeger
Madame,Эквадор,1964,Carter Pugh
Weggaan,Черногория,1966,Onofrio Guerrini
Bravo,Туркмения,1963,Fillipo Lazio
Eten,Китай,1905,Isabella Esser
Phoebe,Сьерра-Леоне,1897,Vesuvio La Padula
Verdien,Гайана,1901,Giovanni Salvino
Mickey,Армения,1870,Stanton Daniels
Chinese,Мозамбик,1885,Влас Беляков
Hal,Малави,1905,Colonel Rossini
Ongelukkig,Франция,1897,Milda Mccullough
Blijft,Турция,1924,Фелиция Удальцова
Over,Чили,1943,Ebba Keller
Beloofde,Доминиканская Республика,1906,Fritz Gross
Complete,Гвинея-Бисау,1987,Pete Humphrey
Moois,Узбекистан,1927,Alessandra Short
Modder,Мадагаскар,1993,Инесса Давыдова
Gewoonlijk,Чад,1881,Orabella Rigano
Loog,Мозамбик,1950,Искра Козлачкова
Hoer,Болгария,1927,Pietro Zocchi
Bezoekers,Нидерланды,1952,Сандра Лидская
Weetje,Суринам,1897,Werner Gunther
Proces,Франция,1882,Minna Hermann
Vanmiddag,Израиль,1872,Ciro Mannina
Daarmee,Словакия,1932,Viveka Hellewege
Buik,Зимбабве,2000,Drina Mastriano
Mode,Израиль,1944,Тина Достоевская
Beurs,Самоа,2001,Gilbert Boer
Revolutie,Дания,1912,Hermine Ludwig
Foto,Армения,1917,Reinaldo Mills
Samantha,Парагвай,1918,Rayna Palmer
Zwembad,Казахстан,2005,Азиза Курочкина
Edgar,Ирландия,1915,Traviata Genovesi
Paranoïde,Гвинея,1858,Valerie Hummel
Ging,Боливия,1999,Delfina Frigo
Eenmaal,Парагвай,1963,Артур Сухов
Vrolijk,Науру,1879,Warren Mayer
West,Узбекистан,1852,Артур Бровцев
Helden,Оман,1972,Greta Dressler
Langs,Федеративные Штаты Микронезии,2010,Zachery Lewis
Voorstellen,Южный Судан,1877,Traviata Lo Piano
Hoogste,Швеция,1936,Эмма Дружаева
Gaf,Науру,1867,Swanhilde Bosch
Hannah,Ливан,1859,Hermann Jung
Van,Федеративные Штаты Микронезии,1937,Emmitt Boone
Logan,Польша,1971,Дженнифер Никитина
Letters,ЮАР,1986,Brooks Mcfadden
Zonden,Науру,1954,Elma Bencivenga
Begonnen,Эстония,1938,Samantha Kaiser
Katherine,Иран,1941,Ansgar Bieber
Borsten,Буркина-Фасо,1953,Lucinda Testani
Robin,Буркина-Фасо,1981,Яков Славников
Beide,Кабо-Верде,1896,Тереза Медкова
Station,Малави,1995,Leonida Horton
Gevolgd,Аргентина,1858,Rozanne Reeves
Leven,Эфиопия,1863,Xanthippe Schmidt
Bagage,Исландия,1855,Каролина Славина
United,Лихтенштейн,1889,Delbert Freund
Plegen,Тувалу,1866,Salvator Saladino
Nachtmerries,Камерун,1998,Torre Tomasini
Bewaking,Киргизия,1870,Magen Sykes
Hemelsnaam,Йемен,1968,Jorge Mccoy
Snoep,Соломоновы Острова,1884,Amerigo Castoro
Brak,Таиланд,1940,Prince Shepherd
Illegaal,Багамские Острова,2007,Nathan Blevins
Moeilijke,Мадагаскар,1897,Mitchell Chaney
Journalist,Египет,1883,Lara Hahn
Huid,Словакия,1914,Jannike Grosse
Goeiemorgen,Гренада,1983,Pino Vadala
Economie,Гвинея-Бисау,1873,Remigio Restifo
Coach,Польша,1878,Len Macdonald
Denkt,Великобритания,1998,Marguerita Herrera
Verdwijnt,Сингапур,1941,Arvin Frei
Lucht,Гвинея-Бисау,1858,Hormisdas Spadaccini
Tijger,ОАЭ,1955,Sharell Merritt
Straks,Сент-Китс и Невис,1999,Oralee Nunez
Verdienen,Гаити,1880,Kiersten Stuart
Papieren,Ливан,1876,Аркадий Глушик
Liegen,Вьетнам,1949,Maris Holder
Kap,Исландия,2005,Hershel Gomez
Bedankt,Марокко,1925,Primavera Soranno
Diepe,Кувейт,1887,Xaviera Jäger
Ergens,Бруней,1903,Mariel Baumhauer
Koelkast,Таджикистан,1897,Никифор Саломатов
Ns,Кот-д’Ивуар,1872,Käte Fromm
Ontmoet,Кот-д’Ивуар,1973,Amara Bader
Leerling,Сент-Китс и Невис,1962,Natacha Livingston
River,Бруней,1855,Фока Павлюк
Ontbijt,Киргизия,1974,Settimio Ale
Geweest,Аргентина,1941,Nicoli Perra
Lijf,Литва,2002,Венедикт Кенжеев
Familie,Грузия,1904,Oneida Garner
Alibi,Куба,1872,Daniela Gunther
Riskant,Куба,1887,Romhilda Bruschi
Halt,Маврикий,1916,Carla Lang
Bekijk,Индия,1938,Myah Sodaro
Onthou,Сейшельские Острова,1936,Мирон Горбунов
Tyler,Сингапур,2009,Перизат Астапова
Teleur,Гамбия,1947,Аза Шишкова
Koorts,Италия,2010,Вита Быкова
Vijand,Палау,1884,Галия Елеазарова
Toren,Таиланд,2009,Фаддей Селезнёв
Zwarten,Австралия,1945,Ермолай Крупник
Naar,Бурунди,1995,Яков Германов
Olie,Исландия,1887,Алиса Вакулина
Leefde,Багамские Острова,1887,Артём Платонов
Zingt,Узбекистан,2010,Saturnino Colantuoni
Opzoeken,Бельгия,1936,Dorsey Mcdowell
Kantoor,Сент-Китс и Невис,1943,Shizuko Holden
Boos,Китай,1911,Gerd Baumbach
Snijden,Нигерия,1864,Erhard Habicht
Wie,Саудовская Аравия,1852,Роман Вельтман
Mannetje,Бахрейн,1868,Milana Francesconi
Jeetje,Республика Корея,1969,Логгин Мартьянов
Vrijdag,Ирак,1939,Magdalena Schulz
Koninkrijk,Барбадос,1855,Amando Contino
Daar,Мексика,1971,Августина Березовская
Vernietigen,Молдавия,1937,Enrichetta Capaccio
Varen,Эсватини,1850,Ираида Стратоникова
Vermist,Сейшельские Острова,1946,Biagio Neri
Mail,Ливан,1969,Coleman Avery
Niks,Алжир,1985,Enrica Saracco
Nee,ЮАР,1988,Сельма Фонвизина
Ed,Аргентина,1856,Liliana Manno
Goed,Экваториальная Гвинея,1920,Alfio Capurso
Functie,КНДР,1908,Ludovico Bruzzese
Gelijk,Азербайджан,1977,Karlheinz Walter
Raden,Сан-Марино,1998,Many Ray
Hoelang,Албания,1984,Torri Richards
Glimlach,Азербайджан,1941,Babette Ramos
Meredith,Нигер,1903,Fulvio Testa
Geregeld,Шри-Ланка,1958,Оливия Гордеева
Verandering,Литва,1919,Всеволод Окулов
Oorzaak,Ботсвана,1930,Nataliya Lo Schiavo
Vertrouwen,Гватемала,2005,Xanten Hofmeister
Rent,Самоа,1970,Лука Ешкилев
Straten,Латвия,1998,Juliette Francese
Vanavond,Доминиканская Республика,1989,Romario Mazzone
Basketbal,Сербия,1906,Mariyah Bentivegna
Band,Багамские Острова,1955,Alois Dunst
Twijfelen,Суринам,1961,Andreas Bischoffs
Realiteit,Буркина-Фасо,1886,Paulina Baumhauer
Kus,Демократическая Республика Конго,1860,Maso De Prima
Hmm,Багамские Острова,1958,Sigmund Boesch
Betalen,Колумбия,1959,Митрофан Найман
Rachel,Республика Конго,2005,Sigmond Schulte
Aangenaam,Франция,1860,Marelda Heinrichs
Sterft,Сент-Винсент и Гренадины,1987,Артур Анастасьев
Bewusteloos,Эритрея,1877,Устинья Залыгина
Vers,Великобритания,1954,Карина Удодова
Sterkste,Бангладеш,1976,Celine Porter
Zei,Намибия,1984,Альберт Тиханин
Pa,Либерия,1931,Rigo Imbriale
Momenten,Саудовская Аравия,1870,DiAngelo Buccellato
Bevat,Венгрия,1982,Annemarie Gabler
Zeep,Дания,1920,Рузанна Некрасова
Auto'S,Финляндия,1869,Lia Beltrami
Grapjes,Дания,1934,Rollin Dunst
Oké,Иордания,1940,Arduino Cipolla
Hoorde,Замбия,1980,Valentine Cortez
Dale,КНДР,1972,Thao Caldwell
Ongetwijfeld,Азербайджан,1918,Thora Stanton
Bepaalde,Колумбия,1926,Robin Biermann
Stoot,Словакия,1979,Ricardo De Luca
Italiaans,Науру,1949,Юлиан Субботин
Prettige,Италия,1910,Minnie Hellewege
Ruik,Латвия,1975,Simona Nestico
Winst,Тринидад и Тобаго,2010,Никон Монастырский
Redenen,Антигуа и Барбуда,1901,Корнелия Сычина
Lincoln,Джибути,1991,Lanza Bersani
Verhouding,Непал,1884,Raeann Hopper
Kliniek,Таиланд,1983,Hadrian De Paola
Cocaïne,Восточный Тимор,1900,Silvestro Falco
Feit,Вьетнам,1888,Савва Земляной
Gebeten,Сербия,1880,Кора Манылина
Praat,Аргентина,1965,Мадина Сафонова
Jeremy,Барбадос,2007,Harley Castillo
Natuurlijk,Перу,1908,Audria James
Spul,Мьянма,1888,Jarrett Guy
Seconde,Северная Македония,1921,Аникита Гаррос
Originele,Гаити,1917,Liese Dunst
Vest,Восточный Тимор,1904,Рита Ганиева
Bestaan,Ямайка,1990,Johna May
Gepraat,Вьетнам,1882,Malvolia Balla
Middernacht,Зимбабве,1875,Этель Коровина
Gearresteerd,Филиппины,1986,Virgil Parrish
Bewaker,Венгрия,1914,Angioletto Malerba
Lauren,Зимбабве,1882,Rosabela Capodanno
Gebeurt,Бутан,1957,Флоренс Чехова
Route,Словакия,1915,Laverne Singleton
Benzine,Ботсвана,1966,Dia Raymond
Ken,Кабо-Верде,1933,Caseario Benveniste
Marie,Центральноафриканская Республика,1951,Maso Viani
Vaarwel,Вьетнам,1996,Natalia Schmid
Neil,Израиль,1991,Kaspar Bauer
Maanden,Республика Корея,1905,Franz Gottlieb
Doc,Мексика,2010,Alger Kuhn
Time,Коста-Рика,1888,Юния Новикова
Genaamd,Южный Судан,1992,Montez Camerino
Standaard,Республика Конго,1962,Serena Cornacchia
Stelen,Гвинея,2009,Elda Dell’Olio
Uitrusting,Белоруссия,1937,Jessica Gorman
Geval,Гайана,1972,Ефим Гранин
Herinneren,Индия,1857,Maren Mcmahon
Beloof,Сан-Томе и Принсипи,1928,Юлианна Антонова
Ofwel,Суринам,1886,Joane Walton
Verhalen,Восточный Тимор,1990,Armandina Gilmore
Nader,Лихтенштейн,1973,Antione Vargas
Aanval,Мавритания,1877,Ceola Black
Voorkant,Дания,1876,Максим Черноусов
Omar,Сьерра-Леоне,1875,Milo Brodbeck
Jonge,Чехия,1920,Ай Максимишина
Vergunning,США,1903,Love Hubbard
Winter,Румыния,1911,Erick Vinson
Perfect,Перу,1923,Galen Blackburn
Kogel,Мали,1881,Marquesa Rindone
Afval,Малайзия,1886,Elma Contini
Hoorden,Новая Зеландия,2001,Inga Dahl
Hoogte,Мали,1877,Giselher Winkler
Romantisch,Габон,1851,Alba D’Ottavio
Nina,Уругвай,1936,Palmira Moroni
Leo,Сербия,1959,Leonard Holzer
Oppakken,Сенегал,1926,Salvatora Vizzini
Borden,Того,1881,Gerd Benn
Eigenlijk,Антигуа и Барбуда,1888,Забава Жерихова
Dag,Парагвай,1960,Roth Kraus
Eieren,Парагвай,1978,Агапия Кононыхина
Miguel,Литва,1851,Orlane Rinaudo
Stank,Мексика,1994,Marice D’Amelio
Gitaar,Габон,1956,Quincy Lucas
Maffia,Малайзия,1876,Emanuel Williamson
Florida,Кения,1896,Kunigunde Vogel
Don,Оман,1916,Магда Утёсова
Verzekerd,Ирландия,1963,Alois Klein
Maal,Нидерланды,1950,Luisa Del Rossi
Lafaard,Германия,1987,Claudia Hofer
Spijt,Бруней,1916,Aline Benn
Make,Андорра,1955,Mariabella Paolini
Boodschap,Хорватия,1963,Шарлотта Шалыганова
Emily,Узбекистан,1910,Ernesto Salone
Korte,Бангладеш,1983,Созон Пигасьев
Prins,Эквадор,2007,Нурия Фурманова
Mee,Индонезия,1978,Фариза Дубина
Prima,Ирак,1864,Мирослав Курков
Koekjes,Алжир,1890,Lisa Tagliaferro
Weigert,Парагвай,1999,Alvaro Sykes
Schoonheid,Судан,1919,Grethe Blau
Verzin,Папуа,1891,Протасий Сергеев
Gebouwd,Мальдивы,1981,Моника Мурманина
Knieën,Сальвадор,1948,Евграф Виккерс
Eis,Алжир,1889,Luger Grosz
Mary,Сан-Марино,1959,Федосей Кирилин
Koers,Гвинея-Бисау,1867,Gottfried Acker
Sector,Оман,1867,Мартын Севастьянов
Enig,Судан,1934,Bice Masin
Teken,Кипр,1963,Marinella Lo Vullo
Offer,Ангола,1853,Remigio Roncone
Toen,Сент-Люсия,1944,Феруза Алейникова
Verdomd,Латвия,2000,Ottila Achilles
Hoeveelheid,Узбекистан,2001,Mana Mccoy
Rat,Гамбия,1929,Габриэлла Геласимова
Vaker,Португалия,1983,Vincenzo Renzo
Zeuren,Чили,1919,Bonifacia Balli
Laarzen,Албания,1941,Arsenio Errante
Ver,Финляндия,1967,Ennio Davi
Meende,Бахрейн,2010,Agneta Schulze
Biertje,Федеративные Штаты Микронезии,1862,Catarina Tantalo
Minuut,Грузия,1895,Xaviera Gunther
Dubbel,Гондурас,1860,Виталина Гурская
Yo,Австрия,1906,Malte Dreher
Seksuele,Ямайка,1921,Dania Booth
Amerika,Сан-Томе и Принсипи,1984,Ludano Ciarleglio
Partner,Албания,1859,Millard Hawkins
Gevecht,Испания,1956,Kara Betti
Vervangen,Ливан,1937,Трифон Супрунов
Captain,Сьерра-Леоне,2006,Larissa Huffmann
Blind,Германия,1852,Heller Friedrich
Leiden,Франция,1969,Imelda Liuzza
Lente,Оман,1866,Hans Schmitt
Republiek,Камбоджа,1859,Dante Nasso
Agent,Сьерра-Леоне,1962,Ronnie Stanley
Lezen,Тонга,1947,Денис Донцов
Times,Танзания,1979,Cody Lucas
Past,Гренада,2007,Janise Clarke
Richie,Республика Корея,1899,Grover Kemp
Shane,Португалия,1889,Elysa Barrella
Bevestigd,Бенин,1888,Семён Катков
Luid,Гренада,1868,Богдана Чванова
Bruce,Албания,1903,Gabi Bruhn
Ontdekte,Кувейт,1930,Julee Coleman
Paar,Лихтенштейн,1937,Fidelio Cammarano
Vegas,Мали,1974,Донат Панфилов
Trots,Бенин,1935,Мира Феофанова
Zocht,Уганда,1860,Rosabela Cambareri
Degene,Танзания,1870,Octavius Rendina
Ding,ОАЭ,1904,Torre Ricci
Ondergoed,Индия,1879,Odell Albert
Bespreken,Новая Зеландия,1905,Марианна Никулина
Grotere,Кирибати,1952,Wanda Bumgarner
Film,Чехия,1984,Dierk Martin
Belt,Того,1904,Waldi Stein
Buddy,Нидерланды,1930,Alcina Fragale
Rodney,Франция,1939,Ethelene Reynolds
Vuren,Великобритания,1990,Марика Дзержинская
Affaire,Гватемала,1940,Alfieri Sciarrino
Telefoons,Перу,1965,Исидор Скоробогатов
Fuck,Иордания,1973,Ailene Raymond
Nichtje,Бельгия,1887,Tyson Robbins
Toekomst,Перу,1971,Софья Жаринова
Families,Австралия,1907,Guido Del Rossi
Lever,Камбоджа,1864,Benno Braun
Zeg,Коста-Рика,1973,Anastagio Franciosa
Druk,Марокко,1973,Phil Mcpherson
Wegens,Северная Македония,1860,Златослава Фатьянова
Vermoed,Польша,1918,Alexandra Eichel
Live,Саудовская Аравия,1859,Фарида Ломова
Geheel,Нигер,1974,Raymundo Flores
Green,ОАЭ,1982,Aldobrandino Verga
