1128925071967,Chan-Garcia,"д. Тура, алл. Красноармейская, д. 966 стр. 444, 309917",655,Snijden
1082658726765,Norman and Sons,"с. Амдерма, пер. Пушкинский, д. 2, 058543",1722,
1031565761864,Wright-Dawson,"п. Пушкино (Моск.), ш. Дальнее, д. 9, 748781",789,
1090694574486,Sparks LLC,"ст. Ржев, ш. Комсомольское, д. 883, 164163",2055,
5195524457508,"Singh, Gentry and Maxwell","п. Нальчик, пер. Красный, д. 99, 100196",1800,Chinese
5084580786703,"Kaufman, Gonzalez and Ho","г. Снежногорск (Мурм.), пр. Мостовой, д. 41 стр. 11, 242291",2925,Gepraat
1216681652934,Barry-Yu,"с. Анадырь, пр. Тульский, д. 3/6, 820617",599,Vrede
1028831028115,Wood and Sons,"к. Пятигорск, ш. Энергетическое, д. 5/3 стр. 674, 807168",2443,
5193270167041,"Morrison, Stephens and Obrien","д. Ступино, наб. Морская, д. 9, 326754",2390,
5032561052970,"Rice, Meza and Jensen","ст. Астрахань, пр. Ильича, д. 122, 120109",1122,Mag
1086334409985,Lamb-Johnson,"п. Тобольск, алл. Коммунистическая, д. 8/1 к. 363, 477696",1860,
5227830092078,Bautista PLC,"клх Ардон, наб. Свободная, д. 117 к. 6, 062771",1504,Ashley
5022585648102,Myers-Parsons,"к. Нягань, пер. Республиканский, д. 14 к. 154, 389616",405,Soldaat
5063431799350,Delgado Ltd,"д. Орел, бул. Жданова, д. 8 стр. 12, 646061",179,
5192634966563,Jones LLC,"г. Зеленогорск (Ленин.), пр. Прохладный, д. 51 стр. 82, 481845",344,
1196475773229,"Smith, Hayes and Andrews","с. Сызрань, пр. Невского, д. 276 стр. 7/9, 918707",92,Tracy
1026817264748,"Johnson, Mason and Wright","д. Североморск, алл. Тихая, д. 3 стр. 21, 429087",231,Voorwaarts
1058215346452,"Ward, Reese and Medina","п. Куртамыш, наб. Амурская, д. 5 к. 1, 124239",821,Beleefd
5198228998952,Smith-Mayo,"ст. Листвянка (Иркут.), алл. Степная, д. 588, 379941",2692,Koud
5182615884171,Walters-Burns,"клх Тамбов, пр. Комсомольский, д. 7 стр. 948, 910456",456,Hoorde
1161224994754,Hernandez-Walter,"к. Амдерма, пр. Седова, д. 7/5 к. 1/2, 650632",2363,Papieren
5142011582851,Ramirez-Thompson,"г. Калуга, наб. Мельничная, д. 8/6 стр. 47, 451491",283,Logan
1117361482040,"Fisher, Charles and Travis","п. Златоуст, наб. Рыбацкая, д. 7/3 стр. 32, 920630",586,
1082333498598,Dixon-Gonzalez,"г. Калач, алл. Орловская, д. 4/2 стр. 928, 440614",97,Bescherm
1158319255786,"Brown, Meza and Jones","клх Калининград, пр. 50 лет ВЛКСМ, д. 3 стр. 8, 636093",78,
1112615519411,"White, Murphy and Simpson","клх Руза, ул. Подгорная, д. 6 к. 93, 840665",557,
1171180242584,"Dominguez, Larsen and Olson","к. Черняховск, пр. Мая 1, д. 329 стр. 970, 724890",2581,
5131818034288,Weaver-Munoz,"д. Армавир, пр. Майский, д. 901, 245263",171,
5095403973187,Brown-Evans,"к. Калязин, бул. Песочный, д. 3 к. 9/1, 498353",1242,
1143515325580,"Bowers, Hicks and Evans","д. Иркутск, ш. Фестивальное, д. 5 стр. 81, 725376",1231,Ophouden
5184140700519,Howard and Sons,"д. Апшеронск, ш. Докучаева, д. 86 стр. 216, 650255",2376,
1133739800006,Atkins-Johnson,"к. Сасово, бул. Декабристов, д. 912 к. 2/6, 554490",792,
5130739302018,Joseph and Sons,"г. Урай, наб. Физкультурная, д. 905 к. 7, 987296",2178,
1140761089248,"Lopez, Hicks and Cooper","с. Черкесск, пер. Минина, д. 141, 604810",534,Lucht
1060167423910,"Smith, Hester and Villa","с. Нефтегорск (Самар.), алл. Санаторная, д. 8/6, 328165",2342,
5182637655118,Evans Ltd,"с. Сорочинск, ш. Высокое, д. 5/2 к. 3/7, 724873",2333,
1156483039910,Ortiz LLC,"с. Братск, пер. Целинный, д. 71 стр. 9/4, 313570",203,
5158027539643,Briggs LLC,"г. Щелково, пер. Российский, д. 30, 926775",1962,
5205614382034,Newman-Sullivan,"ст. Омск, пр. Станционный, д. 8 к. 9/8, 198912",1506,
1194401430398,Ramirez Ltd,"п. Северобайкальск, бул. Димитрова, д. 7/3, 347629",1525,
5130679134394,Rogers-Vasquez,"д. Городовиковск, ш. Ольховое, д. 1/5, 619964",1651,
1061645115620,Wood LLC,"к. Ачинск, пр. Глинки, д. 31, 480929",365,Onthou
1097829240068,"Anderson, Wright and Ramos","клх Рославль, алл. Трактовая, д. 95, 061606",1352,
5171895489794,"Thomas, Hernandez and Mullins","г. Сеймчан, алл. Красная, д. 461 к. 31, 915433",2364,
5210571421352,"Glover, Contreras and Maldonado","д. Ковров, алл. Нагорная, д. 9, 986152",1096,
5035088308305,"Baker, Garcia and Flynn","к. Серпухов, пер. Веселый, д. 1/3 к. 350, 281945",2478,
1044671797631,Smith-Sampson,"д. Руза, алл. Базарная, д. 81 стр. 952, 538853",2858,
5062696503360,Phillips-White,"п. Новосибирск, ш. Тополиное, д. 7 к. 38, 382946",635,
5102981782602,Odonnell-Copeland,"клх Губаха, пер. Прудный, д. 800, 474625",1445,
5216505219365,"Sanchez, Thompson and Morrison","к. Бугуруслан, наб. Иванова, д. 5 к. 6, 836556",1388,Wachten
5218498009220,Donaldson-Lewis,"п. Кропоткин (Краснод.), ул. Тихая, д. 3, 030549",1674,Vloot
1160755349875,Ayala-King,"клх Новая Игирма, наб. Линейная, д. 2/1 к. 43, 701679",1113,
5172280274810,Wood and Sons,"с. Каменск-Шахтинский, ш. Ушакова, д. 282, 883744",8,
1169131175762,Pineda-Miller,"п. Тюмень, ул. Иванова, д. 3/3, 739908",957,Wees
1127492404819,"Arnold, Mendez and Ramirez","п. Середниково, бул. Правды, д. 4 стр. 1, 039374",2073,
1122193959282,Juarez Ltd,"ст. Листвянка (Иркут.), алл. Автомобилистов, д. 6/3 стр. 90, 191239",642,Duurde
5123343608779,Wood and Sons,"п. Стерлитамак, ш. Торговое, д. 250 стр. 8/4, 194517",325,
5037612811275,"Sawyer, Finley and Charles","г. Тула, наб. Привольная, д. 6/2 стр. 8/6, 109534",2414,
1122330973566,Weber LLC,"ст. Домбай, бул. Красина, д. 426 стр. 780, 711001",2377,Dumpen
5224487376438,Trevino and Sons,"г. Морозовск, ул. Майская, д. 6/6 стр. 23, 186753",769,
5018013219857,Wilson-Finley,"д. Гдов, ул. Садовая, д. 7/7, 019183",1593,
1151509720108,"Cooper, Johnson and Morris","п. Краснотурьинск, пер. Рабочий, д. 33 стр. 73, 485218",2862,
1091784775620,Bartlett-Escobar,"с. Ербогачен, наб. Сиреневая, д. 9/8 стр. 4, 830216",2193,
5047942143167,Johnson-Knox,"клх Чебоксары, бул. Пугачева, д. 5/5 стр. 258, 201937",1631,
1031379789847,"Briggs, Smith and Anderson","г. Малоярославец, пер. Олимпийский, д. 369, 364301",400,Vat
1092027032547,Harris-Clark,"клх Тырныауз, алл. Олега Кошевого, д. 85 к. 994, 180433",2761,
1117812931774,Burton-Day,"п. Анадырь, ул. Ветеранов, д. 3, 277392",2682,Nachtmerries
5193174870774,Nichols-Shelton,"к. Сарапул, пр. Базарный, д. 3 стр. 910, 746438",650,
1192529989178,Schroeder-Powell,"к. Зеленоград, пр. Менделеева, д. 34, 607187",867,
5115620724995,Harper Group,"г. Уссурийск, пр. Сенной, д. 1 к. 2, 950076",2491,
5160622964981,Brown-Garrett,"д. Беломорск, алл. Московская, д. 9 стр. 7, 223946",722,
5226387655797,"Parker, Stone and Carr","г. Кижи, алл. Дальневосточная, д. 94 стр. 2/5, 862555",2647,Vliegen
1161445083436,"Gardner, Reid and Brown","клх Оленек, ш. Демьяна Бедного, д. 219 к. 342, 652094",1296,Zwembad
5160823813893,Beasley-Shields,"ст. Камышлов, наб. Тамбовская, д. 2/4, 290993",1305,
1182703379990,"Peters, Freeman and Warren","г. Туапсе, ш. Таманское, д. 180 к. 449, 658129",124,Bedoelt
5176573483940,Mcgee-Hammond,"с. Слюдянка, пр. Проточный, д. 1 к. 5, 687209",2338,Kwijtraken
5108852904925,Bautista Group,"г. Тутончаны, пер. Сахалинский, д. 6 стр. 4, 876116",1798,Al
1177186647220,Wells Inc,"клх Находка, бул. Байкальский, д. 158 к. 801, 741835",1,Ouders
1125943944587,Richardson PLC,"д. Арзамас, ул. Российская, д. 552, 787276",553,
5163670690926,"Perry, Garcia and White","к. Игнашино, бул. Энергетиков, д. 41 стр. 160, 137385",60,Partners
1156213221999,"Carpenter, Jackson and Anderson","ст. Кош-Агач, бул. Казачий, д. 354 к. 7/4, 139672",2074,Mogen
5068199572623,Bruce PLC,"с. Черемхово, ш. Енисейское, д. 8/1 к. 7/8, 559832",1783,Doorbrengen
5166064865500,"Walker, Gaines and Hernandez","к. Новороссийка, ул. Павлова, д. 3/7 стр. 34, 741662",2696,Renault
5144805635596,Lynch-Odom,"п. Урай, наб. Томская, д. 7 к. 760, 582065",2748,Time
1168944220455,Schroeder LLC,"с. Верхний Тагил, наб. Ветеранов, д. 5/1, 927705",260,
5025092775681,"Reed, Baker and Wells","д. Терскол, алл. Главная, д. 7, 488057",1429,
5104735932230,Marshall-Conway,"с. Пермь, пер. Демьяна Бедного, д. 2/2 к. 7, 835530",1626,
5114467229729,Smith-Phillips,"к. Любань, ш. Космонавтов, д. 1/6 к. 470, 996707",2888,Slimmer
5198369068629,Hughes-Black,"г. Кулу, алл. Свободная, д. 6/6 стр. 5, 070000",1553,Opzoeken
5039108770850,Hughes Ltd,"клх Щелково, пер. Революционный, д. 2/8 к. 5, 903264",2995,Duistere
5077030679150,English-Brady,"д. Озеры, пр. Жукова, д. 51 стр. 7, 489740",1373,
5101548046023,"Castro, James and Jackson","п. Щельяюр, алл. Поселковая, д. 319, 719187",282,
5203476024131,Mclaughlin-Hart,"п. Миасс, пр. Автомобилистов, д. 6 к. 75, 249482",895,Stuur
5136000522037,Patterson Ltd,"клх Лагань, ш. 50 лет Победы, д. 94, 066691",1052,Geweren
1062649269693,Palmer-Baker,"п. Тутончаны, наб. Рыбацкая, д. 831 к. 9, 822970",772,Techniek
5110361336564,"Thomas, Gibson and Porter","к. Витим, алл. Ручейная, д. 3/4, 398352",120,Lichaam
1024404815467,Lawson Group,"к. Сибай, ш. Болотное, д. 6/5, 365157",817,Bevestigen
1124312395349,"Davis, Castro and Flores","клх Гаврилов-Ям, пер. 50 лет Октября, д. 48, 071773",1494,Bagage
5092586784880,Rogers-Copeland,"ст. Боровск, пер. Городской, д. 988 к. 2, 617301",1032,Eikels
5194580694006,"Gordon, Sanchez and Perez","клх Буйнакск, пр. Санаторный, д. 1, 842214",1901,Shaw
5148935337843,Robinson-Jimenez,"д. Нальчик, пер. Выгонный, д. 2/1 к. 70, 769097",1844,Gezelschap
1168829816638,Wilson PLC,"ст. Баргузин, пр. Станиславского, д. 8, 712866",654,
1014724217738,Johnson and Sons,"г. Кижи, алл. Горького, д. 3/9 к. 4, 991458",2770,
5077028655743,"Goodwin, Cortez and Martin","ст. Елец, алл. Студенческая, д. 59, 428087",589,Bereiken
5154380533930,Lee-Oneill,"к. Верхний Баскунчак, алл. Станиславского, д. 529 стр. 1, 788758",128,
5192971312364,"Willis, Williams and Cortez","ст. Галич, ул. Кузнецкая, д. 9, 190369",612,
5136627074018,Walsh-Barnes,"с. Ульяновск, пер. Менделеева, д. 4/8, 238136",2962,
5068208921545,Bruce-Johnson,"д. Самара, наб. Никитина, д. 4 к. 4, 241321",1862,
1222677553031,"Bartlett, Jacobs and Mason","д. Апшеронск, алл. Таманская, д. 9 стр. 2/5, 726940",2933,Voordeel
5178681651704,Houston-Huff,"с. Усть-Кулом, наб. Октябрьская, д. 839 стр. 9/3, 898370",2013,Koers
5216276388367,Greer Group,"п. Поронайск, пр. Привольный, д. 450 стр. 8, 617970",569,
5086698253340,Mccarthy Group,"с. Александровск-Сахалинский, пер. Волжский, д. 1/3, 308598",2214,
1022119308970,Campos Group,"к. Алдан, пер. Строителей, д. 86 стр. 625, 008172",2608,Woensdag
5132825881975,Terry-Rivas,"ст. Бодайбо, алл. Клубная, д. 4/5 к. 2/6, 777925",43,Blad
1195044514752,Arnold and Sons,"п. Мирный, ул. Парковая, д. 6/9 стр. 9/2, 302618",2832,
5022858286127,"Wright, Burns and Carter","ст. Аша, бул. Маркса, д. 88, 600333",300,
5192491312415,Moody-Thomas,"к. Оленек, пр. Кирпичный, д. 923 к. 3, 695576",1309,
5182418370129,Lutz LLC,"с. Красногорск (Моск.), алл. Интернациональная, д. 328 стр. 266, 057157",455,Breken
1170880178050,"Garcia, Meyers and Howard","к. Ейск, ул. Морская, д. 145 стр. 51, 661353",543,
1051696797382,Juarez LLC,"к. Кашира, ш. Цветочное, д. 7, 091599",423,
1226542835970,"Hansen, Sherman and Hall","к. Асино, ул. Крымская, д. 843, 686401",2481,
5046281067465,Martinez-Branch,"ст. Нягань, ул. Ветеранов, д. 25, 151749",403,
5195656329149,Phillips LLC,"д. Лабытнанги, пер. Тихий, д. 291, 257849",1703,Ongeluk
1038347376100,Fisher-Bell,"клх Усть-Ордынский, наб. Котовского, д. 1 стр. 9/7, 865978",590,Gedrag
1015154222368,"Collins, Rivera and Gentry","г. Вендинга, пр. Крымский, д. 80, 934868",287,Lachen
1224860205316,Perry-Miller,"п. Златоуст, наб. Ленина, д. 514, 196968",2010,Gebeuren
1114555472558,Fischer-Ortiz,"ст. Саров (Морд.), наб. Волкова, д. 677, 324478",2154,Eigenlijk
1077987788559,Wood Ltd,"к. Тулун, бул. Горняцкий, д. 651 к. 189, 321971",1094,Gebeten
5094867453951,"Cox, Archer and Holt","г. Пушкинские Горы, алл. Декабристов, д. 15 стр. 4, 935705",291,
1083157574796,Robinson and Sons,"клх Всеволожск, алл. Матросова, д. 58 стр. 95, 218433",703,
5010698702757,Berry Ltd,"с. Волгоград, ул. Промышленная, д. 1/7, 887268",149,
1118334686821,"Howard, Lewis and Sanders","с. Зарайск, ул. Докучаева, д. 4/7, 782939",2137,
1194510100784,"Spence, Humphrey and Russell","клх Игарка, бул. Ангарский, д. 75 к. 1/5, 268969",2118,
1187317701581,"Jones, Ferrell and Scott","д. Грозный, наб. Локомотивная, д. 92, 034131",1433,
1030532185420,"Wright, Green and Cline","г. Сарапул, пер. Красноармейский, д. 6, 927332",1200,Hoeft
1080150852891,Diaz Ltd,"ст. Холмогоры, наб. Свободы, д. 48 стр. 4, 430362",218,
1016937773731,Long-Wilson,"г. Богучар, наб. Снежная, д. 5, 944755",575,Binnenkort
5052861111089,Collins Group,"г. Хасавюрт, ул. Звездная, д. 9 к. 4/5, 968242",707,
5140560012038,"Sandoval, Rubio and Carpenter","п. Тымовское, ш. Боровое, д. 4 к. 386, 568157",2711,Applaus
5044035701970,"Hunt, Lyons and Roberts","к. Омск, ш. Рязанское, д. 194 к. 769, 386406",2812,
1026646840582,Bennett-Santiago,"ст. Прохладный, алл. Болотная, д. 342 к. 7/7, 904780",1469,
5140596009021,Yang and Sons,"п. Хоста, бул. Кузнецкий, д. 4, 246622",2355,
5033496025448,Stevens-Smith,"клх Буденновск, алл. 70 лет Октября, д. 3/5 к. 44, 962431",2139,Spel
5166254904514,Hanna Inc,"п. Кырен, ул. Терешковой, д. 22 к. 2, 282390",1465,Praatte
1068107974835,"Rogers, Zamora and Smith","ст. Озеры, наб. Некрасова, д. 1, 946561",988,
1214677284997,Rodriguez LLC,"г. Пушкинские Горы, пер. Братский, д. 112, 667287",1233,Thanksgiving
5010989698132,Barrera-Johns,"г. Буйнакск, пер. Свободы, д. 638 стр. 1, 011117",1265,Brood
5084693279810,Moss LLC,"с. Псебай, пр. Студенческий, д. 793 стр. 6/4, 497699",131,
5046196322244,"Moore, Young and Jimenez","к. Анадырь, наб. Большая, д. 217, 821645",242,Mezelf
1211329335183,"Gibbs, Smith and Harper","ст. Мыс Шмидта, ул. Владимирская, д. 3/3 к. 49, 220969",1112,Prins
1225635242250,"Sanchez, Reyes and Garrett","п. Краснокамск, пр. Фабричный, д. 84 стр. 13, 907154",2736,
1152140919963,Jacobson Group,"ст. Серафимович, пер. Кузнечный, д. 4 стр. 56, 102857",1000,Gekregen
5165162681514,Baker LLC,"к. Ачхой Мартан, пер. Тракторный, д. 9/5, 400899",1216,Vissen
1061363625641,Browning and Sons,"г. Россошь, алл. Водопроводная, д. 5 стр. 7, 147285",2576,Dumpen
1052745173250,"Snyder, Gray and Wilson","ст. Вытегра, бул. Слободской, д. 70 к. 59, 830733",2282,Daarnet
5171660498906,Oneal Inc,"п. Югорск, наб. Сурикова, д. 49 стр. 180, 473148",1156,
1026153608436,Adams Group,"клх Певек, наб. Крымская, д. 54 стр. 218, 875847",1236,
1202610272094,Matthews Inc,"д. Камышлов, бул. Высотный, д. 6/8, 898106",35,Majesteit
5091856020493,Martin-Mcguire,"д. Киров (Вятка), ш. Пионерское, д. 818 к. 81, 888899",1928,
5110596921001,Macias and Sons,"с. Надым, наб. Первомайская, д. 124 стр. 7/4, 126232",2206,
5190101459610,Martinez-Price,"к. Апрелевка, ул. Металлургов, д. 1/2 стр. 867, 235893",937,Voorbeeld
5182876550885,"Ford, Bean and Duarte","с. Пушкин, пер. Королева, д. 3 к. 270, 539070",501,Blanke
1104189323050,"Boyd, Smith and Crosby","с. Шарья, пр. Дружбы, д. 9/3 к. 9/6, 163508",1137,
5051184893073,Vega-Palmer,"с. Кижи, алл. Октябрьская, д. 9 стр. 11, 337966",2765,Snijden
1153244368200,Rivera-Shaw,"клх Ревда (Сверд.), алл. Пролетарская, д. 5, 278831",704,Vermist
1228594647379,Gonzalez-Santiago,"г. Сарапул, бул. Широкий, д. 83 к. 5/5, 444425",2169,
1183996860651,Roach LLC,"ст. Устюжна, пр. 8 Марта, д. 4, 632751",65,
5067448702041,"Reyes, Oliver and Reed","с. Рыльск, ш. Кирпичное, д. 3, 856079",874,Snelweg
5153557403995,Ortega-Perry,"г. Шамары, ш. Коммуны, д. 382 к. 995, 551542",1126,Moskou
1122375015575,Dunn Ltd,"п. Льгов, наб. Смоленская, д. 34, 298465",1873,Vermoordde
5168158310580,Montes and Sons,"к. Железногорск(Курск.), пер. Попова, д. 4, 097348",950,Saus
1119199705371,"Potts, Black and Baker","п. Пушкин, наб. Станционная, д. 6 стр. 7/9, 093946",996,
1011210055746,Elliott LLC,"с. Якутск, пер. Омский, д. 285 к. 7/6, 125942",55,Justitie
1097405943964,"Zamora, Mathis and Gates","с. Красногорск (Моск.), наб. Мира, д. 98 стр. 46, 336972",2876,Opgepakt
1015738909603,"Kelly, Lyons and Robertson","с. Нягань, бул. Первомайский, д. 3 к. 3, 443177",1758,Munitie
1011772053226,"Simmons, Hicks and Stewart","клх Медногорск, ш. Ярославское, д. 81, 352358",348,Beloofde
1224957004414,May-Schaefer,"ст. Карпинск, наб. Союзная, д. 3/8 к. 4/2, 298042",1063,Subaru
1153618285479,Nunez Inc,"д. Моршанск, алл. Шмидта, д. 5 стр. 8, 255288",1017,
5186200846662,Young-Shaffer,"д. Кирово-Чепецк, пер. Войкова, д. 518, 331013",1298,
1041868812666,Fitzgerald Ltd,"клх Бавлы, бул. Пушкинский, д. 252 стр. 1, 293869",1929,Gescheiden
1160694190546,Sutton Group,"с. Оймякон, ул. Ушакова, д. 41 к. 73, 239258",347,Ruik
5125523229112,Hernandez-Anderson,"ст. Холмогоры, пр. Байкальский, д. 3/8 стр. 860, 839335",489,
5034019267409,Hill-Morris,"ст. Хоста, алл. Угольная, д. 9 стр. 2, 259802",721,Geely
5122862235029,"Webster, Ramos and Ramirez","с. Магадан, бул. Парковый, д. 2/3, 269148",1379,
1064886961897,Day-Francis,"с. Курск, пер. Городской, д. 257 стр. 74, 871529",683,Af
5019208383574,"Howard, Daniels and Smith","к. Минеральные Воды, наб. 40 лет Победы, д. 208 стр. 76, 538273",2734,Shaw
5070897910771,Mosley-Williams,"ст. Юрюзань, ул. Пушкинская, д. 5, 558594",2334,
1062742442190,Moore-Lane,"ст. Пенза, ул. Песчаная, д. 479 стр. 40, 097584",2859,
5071921149933,Suarez Ltd,"ст. Усинск, ул. Рыбацкая, д. 9/6 к. 1, 947216",2223,Eigenlijk
5161557576934,Lopez-Johnson,"клх Игнашино, пр. Журавлева, д. 20, 163600",1173,Verbonden
5101616071596,Stone-Sullivan,"к. Витим, пер. Загородный, д. 1/4 стр. 76, 464106",1524,
5070416856032,Wilkins PLC,"п. Южно-Курильск, ул. Высоцкого, д. 3, 730139",578,Best
1133804075316,Sampson-Rubio,"г. Геленджик, пер. Лазо, д. 718 стр. 87, 313832",2188,
5204931988443,"Leon, Rowe and Holmes","п. Киров (Вятка), алл. Волгоградская, д. 5/4 к. 4, 257963",1202,
5066088535629,"Jackson, Wise and Santos","клх Тамбей, наб. Тукая, д. 1/8 к. 1, 167704",394,
5031325719904,Martin LLC,"клх Набережные Челны, ул. Октябрьская, д. 7 стр. 32, 925623",1932,
5123322723068,Kirby-Jones,"ст. Тикси, пер. Степной, д. 3/5 стр. 23, 655550",361,
5103234575241,"Luna, Pitts and Sanchez","с. Кондопога, пр. Лесозаводский, д. 2 к. 5/2, 577944",2553,Stank
5029068545700,French-Rogers,"к. Северо-Курильск, ш. Новое, д. 9, 414942",1345,Slaag
1017187367548,Stevens-Smith,"клх Заводоуковск, пр. Титова, д. 1/3 к. 951, 772650",815,
5062985180990,Bell-Jefferson,"д. Жиганск, ул. Володарского, д. 96, 868080",119,
5145023685990,Ellis Ltd,"к. Торжок, алл. Победы, д. 78, 079048",1045,Kooi
5186642584695,Taylor-Mcdaniel,"с. Городовиковск, ул. Привокзальная, д. 572, 674737",2360,Slachtoffers
5023866958517,"Knight, Hall and Sanchez","д. Усмань, алл. Ставропольская, д. 7/4 к. 3/2, 010899",1035,Malcolm
5193120671244,Tyler LLC,"клх Плес, ш. Майское, д. 4 стр. 3, 624861",1066,Storing
1088618025517,"Johns, Hodge and Bailey","к. Гудермес, алл. Горняцкая, д. 30, 437055",2149,
1192962817596,"Williams, Miller and Espinoza","г. Пушкино (Моск.), пр. Урожайный, д. 94 к. 520, 361489",1511,Vissen
5154957981437,"Miller, Brown and Gaines","д. Кызыл, бул. Песчаный, д. 6, 183392",1762,Sloot
1161854840278,King-Mitchell,"клх Переславль-Залесский, наб. Высокая, д. 16 стр. 896, 237447",2519,
5191204328420,Owens PLC,"п. Вытегра, пер. Литейный, д. 6/8, 721982",991,Ergens
1131495677500,Hamilton-Mccormick,"д. Ноябрьск, пр. Разина, д. 446 стр. 741, 869230",2366,
1128059780012,Martinez-Copeland,"клх Чермоз, бул. Трактовый, д. 2/7 стр. 26, 186946",2528,Parker
5085378132296,Ortega Group,"с. Северо-Курильск, наб. Союзная, д. 4/1 стр. 579, 955198",1851,
1057088834857,Nguyen Group,"к. Инта, пр. Чайковского, д. 62, 865546",859,
1194883493892,Leon-Sutton,"к. Елец, ул. Макарова, д. 24, 384225",1975,
5120385770511,Daugherty-Howard,"клх Поронайск, пер. Репина, д. 954 к. 6, 788248",49,Gordon
1102215448488,Thompson Group,"клх Новочеркасск, пер. Береговой, д. 1 к. 5, 388475",788,
1106627397348,Vargas LLC,"ст. Сальск, алл. Майская, д. 6/1 к. 19, 921530",2011,
1202459983505,Martin-Stephens,"клх Магнитогорск, ул. 9 Января, д. 89 к. 12, 510140",862,
1088507166681,"Swanson, Little and Little","д. Углич, ш. Фабричное, д. 2, 466006",550,Excuseren
5148135346684,"Elliott, Clarke and Fox","п. Смирных, наб. Севастопольская, д. 1/7 к. 781, 511839",971,
1110820492694,Dean LLC,"д. Ревда (Сверд.), ул. Путевая, д. 165 к. 6/9, 373491",515,Mitsubishi
1083424511830,Jenkins LLC,"к. Минеральные Воды, бул. Амурский, д. 4 стр. 74, 228538",404,Riskant
5083912752556,Roberts-Blake,"п. Новороссийка, бул. Западный, д. 9, 206317",1348,Blue
5221413601558,Gonzalez-Harrell,"ст. Котлас, пер. Деповский, д. 88, 747533",2186,
5217444365298,Chavez Ltd,"п. Верхнее Пенжино, наб. Индустриальная, д. 954 к. 24, 826994",279,Geweer
1117633541211,Woods-Chung,"с. Усть-Калманка, пр. Просвещения, д. 587 к. 25, 062374",1988,
1056952141256,Yang LLC,"с. Беломорск, ул. Подстанция, д. 8/6, 898356",692,
5072637428860,Rubio-Yu,"д. Александров Гай, ул. Водников, д. 28 к. 3, 596884",2295,
5226683339944,Daniel Inc,"к. Быково (метеост.), пр. Западный, д. 600 к. 95, 587622",1336,
1047152393364,Reeves LLC,"д. Ахтубинск, пер. Республиканский, д. 1/7, 119313",245,Rond
5064318084782,"Benjamin, Chase and Alvarez","п. Егорьевск, алл. Геологов, д. 501, 358332",2756,Vaarwel
5031240065203,Miller Group,"к. Бронницы, бул. Морской, д. 1 к. 47, 388564",1620,
1087113318269,Cummings LLC,"ст. Домодедово, пр. Новостройка, д. 82, 721318",1281,
1111103858744,Roberts-Holder,"с. Луга, наб. Брянская, д. 73 стр. 5/8, 183407",2239,Vanmiddag
1128092419070,Romero Ltd,"с. Зеленоград, пр. Садовый, д. 4/3 стр. 7, 434174",1863,Bedrijf
1224325125530,"Ortega, Mcguire and Roberson","с. Новый Оскол, пер. Сурикова, д. 5 к. 69, 080546",1368,
1126234414041,"Delgado, Page and Barnes","д. Амурск, ш. Ломоносова, д. 77, 547534",293,
5191249295760,"Lewis, Fisher and Clark","г. Инта, пер. Короленко, д. 6/5, 363224",2231,Beleefd
1057720616249,Garcia-Bender,"д. Эльбрус, алл. Ленинская, д. 1, 916145",1328,
1173786767263,"Stevens, Oliver and Morrison","ст. Сергиев Посад, алл. Железнодорожная, д. 16, 157859",2022,Mogen
1219239041064,Garcia Group,"п. Киржач, наб. Санаторная, д. 44 стр. 78, 204481",2914,Ontvoerd
1112479567727,"Reyes, Dyer and Curry","ст. Воронеж, алл. Орловская, д. 506, 957724",1689,
5024948281320,"Ferguson, Ross and Harris","г. Тула, бул. Курчатова, д. 72, 686461",1944,Ding
1195658512114,"Shelton, Mendez and Jones","п. Билибино, пер. Почтовый, д. 6 к. 71, 630716",1167,
5054233943430,Sanchez-Stevens,"п. Мурманск, ш. Березовое, д. 28, 770873",878,Snelle
1229182252936,Cabrera-Smith,"д. Териберка, наб. Чкалова, д. 6/4 стр. 5/4, 545202",2532,Hal
1192755264635,Wallace and Sons,"с. Абакан, пер. Театральный, д. 180 к. 43, 798325",2860,Uitrusting
1115571613893,"Cross, Carson and Douglas","г. Салават, бул. 60 лет СССР, д. 7/4 к. 264, 886067",2157,Bewegen
1104077261650,Wallace Ltd,"с. Избербаш, алл. Октябрьская, д. 6 стр. 84, 791983",2419,Nee
5150667833861,May and Sons,"ст. Голицыно, пр. Громова, д. 5 стр. 867, 589787",2386,
1031672050013,Wilson-Smith,"к. Ялуторовск, наб. Краснофлотская, д. 484 стр. 9, 229092",1951,
5039227983416,Hines-Vazquez,"п. Кизляр, алл. Донская, д. 31 к. 4/8, 973706",2365,Hoorden
1188050533813,Hill LLC,"п. Абакан, пер. Ольховый, д. 3 стр. 6, 060876",1248,
5213958819400,"Higgins, Lewis and Franklin","д. Сергиев Посад, наб. Юности, д. 71 стр. 5/2, 350902",1508,
5192951958910,Harper-Allison,"г. Горно-Алтайск, наб. Победа, д. 7/6 стр. 86, 753504",2113,Af
1082760425989,Sanders LLC,"с. Ребриха, наб. Гастелло, д. 6, 171503",2123,
5046845684056,"Pratt, Jimenez and Green","г. Юрьев-Польский, ш. Суворова, д. 658, 770100",1727,
5154192861037,"Thompson, Cantrell and Soto","к. Абакан, алл. Халтурина, д. 66, 360634",1720,Wie
1137448704799,"Williams, Odom and Smith","п. Калевала, пер. Черняховского, д. 9, 770601",451,Bijna
1066338586005,"Sanchez, Ayers and Guerra","к. Йошкар-Ола, бул. Волжский, д. 70 стр. 186, 529624",2984,
1085275728780,Hernandez-Alexander,"с. Волоколамск, ул. Донская, д. 28 стр. 142, 868164",690,Regel
5187703926339,Dougherty-Chase,"с. Елатьма, бул. Харьковский, д. 410, 655160",2569,
1131788918997,"Brown, Barker and Green","с. Учалы, пр. Беляева, д. 56, 313531",1601,
1218334619931,Oneill-Payne,"д. Орехово-Зуево, наб. Кирова, д. 487 к. 5, 870503",2939,
5080425856275,Taylor-Mcfarland,"к. Архангельск, бул. Водников, д. 2/4 стр. 107, 222656",560,
1194186286304,Campos-Walker,"к. Аршан (Бурят.), ш. Калужское, д. 9/9, 918115",2243,Volgen
5072203541977,Mata-Gibson,"п. Саратов, наб. Макаренко, д. 615 к. 79, 773185",600,
5026146742045,Merritt LLC,"г. Октябрьское (Челяб.), алл. Машиностроителей, д. 47, 859545",2395,Info
1182295478892,"Allen, Williams and Werner","ст. Ельня, пр. Лесный, д. 22 стр. 3, 130143",446,
1130509265150,Pearson Inc,"ст. Ханты-Мансийск, наб. Родниковая, д. 7/1, 693542",2989,Band
5121864118525,"Prince, Ball and Collins","п. Калуга, бул. Космический, д. 198 к. 74, 676761",495,
1156448633989,"Anderson, Hanson and Brown","к. Балашиха, наб. Свердлова, д. 23 стр. 69, 634661",1395,
1062211579000,Lynch-Lawrence,"к. Медногорск, бул. 8 Марта, д. 945 к. 43, 885776",883,
1185682054260,Stephens-Walters,"к. Мостовской, пер. Маркса Карла, д. 75 к. 5, 812557",1910,Rand
1136528951350,Peters-Garrison,"г. Волхов, пр. Циолковского, д. 7/2 стр. 8/9, 101520",284,Prinses
5213892996532,Ramirez Inc,"с. Витим, алл. Ленина, д. 934, 542364",1682,
1060555107425,Evans PLC,"п. Невьянск, алл. Советская, д. 530 к. 4, 392292",2187,Benzine
1144092738723,Harrell-Johnson,"клх Нефтекамск, бул. Мичурина, д. 72 к. 1/8, 376051",80,Was
1088328958310,Williams Group,"г. Шатки, наб. Пролетарская, д. 580 стр. 12, 598000",2938,
1012457655407,"Perez, Butler and Garcia","клх Билибино, бул. Культуры, д. 359 стр. 79, 162532",1973,
5083233500642,Martin LLC,"с. Тверь, алл. Ушакова, д. 8 к. 81, 210117",1634,
5103721443821,"Turner, Robertson and Richardson","ст. Тюмень, наб. Космическая, д. 2 к. 6, 703398",1449,
1102192346673,Reynolds-Levy,"клх Зеленогорск (Ленин.), наб. Коллективная, д. 3/5 стр. 8, 801821",2308,Mercedes-Benz
1058646561676,Shaw-Harris,"п. Тверь, пр. Жуковского, д. 275 стр. 6/6, 058306",1916,Teruggaan
1110508178439,Higgins-Jones,"с. Углич, алл. Кузнецова, д. 34 к. 832, 653988",143,
1176656183263,Holden-Adams,"к. Жуковский, наб. Шевченко, д. 1/4 к. 1/6, 768060",1254,Laarzen
5182614034961,Terry-Roberts,"п. Кондопога, пр. Линейный, д. 5/5 стр. 24, 769749",2245,
5167831293053,Gentry Inc,"ст. Рыбинск, пр. Подстанция, д. 7/8, 936537",2349,Don
1039279244784,"Perkins, Meadows and Peterson","ст. Ачинск, ш. Свободное, д. 2/8 стр. 5/5, 860047",227,
1188149183650,"Ruiz, Lindsey and Walker","с. Асино, ш. Крупской, д. 6 стр. 190, 206534",1391,Donder
5053419454193,Howard LLC,"ст. Тула, алл. Курганная, д. 5/6, 225062",832,
1208018433677,"Humphrey, Williams and Joyce","к. Видное, наб. Азина, д. 4 к. 8, 203322",979,
1164188243966,Bush-Crawford,"д. Токма, бул. Коммунаров, д. 1 стр. 20, 379260",1899,
5066228942820,Snow Inc,"п. Галич, ш. Минское, д. 13 к. 87, 337377",577,
1148431503670,Crane-Joseph,"г. Каргополь, ул. 9 Января, д. 8 стр. 5/1, 184814",263,
5023979299295,Palmer-Lambert,"к. Апатиты, пр. Надежды, д. 638 к. 7, 515169",1546,Verzinnen
1140522002895,James Inc,"клх Нефтекамск, бул. Гагарина, д. 7/4 к. 7/2, 512929",2257,Nader
5156090174060,"Sanders, Watkins and Choi","с. Губкинский, бул. Автомобилистов, д. 829 к. 1, 977405",621,
5196534021558,"Rodriguez, Miranda and Calhoun","с. Белогорск (Амур.), наб. Бригадная, д. 21 к. 9, 321376",564,
5228352463114,"Gibbs, Simpson and Arellano","ст. Дмитров, пер. Крымский, д. 3/9, 202874",1197,Verward
5111028414624,Ruiz-Young,"клх Калуга, пер. Энтузиастов, д. 47, 158864",1406,
5133475270803,Jones PLC,"д. Ульяновск, наб. Рылеева, д. 279, 436434",2592,Machine
1103646010610,Drake and Sons,"п. Карпинск, бул. Пролетарский, д. 7/9 стр. 4/1, 855081",574,
1077134836063,"Simpson, Rush and Baker","с. Чайковский, ш. Кошевого, д. 50 стр. 97, 139020",2287,
1132656220619,"Poole, Thomas and Woods","к. Агата, бул. Солнечный, д. 5, 614231",2835,Druk
1060627848445,Wood and Sons,"п. Ирбит, пр. Белинского, д. 3, 884420",1671,Basketbal
1135138579322,Warren PLC,"к. Соболево, алл. Профсоюзная, д. 9 к. 8, 426465",163,
5202984070460,Peterson-Bailey,"п. Октябрьское (Челяб.), наб. Путевая, д. 2 стр. 9/4, 251375",2380,
1041423908448,King and Sons,"с. Пятигорск, алл. Журавлева, д. 47 к. 60, 427137",686,Weetje
5167156842892,"Gill, Wright and Washington","с. Сочи, наб. Учительская, д. 4, 491296",894,Schrijf
1225536778587,Holt-Gilbert,"г. Нефтеюганск, наб. Запорожская, д. 7, 672970",247,Bemoei
5183903997129,Chan and Sons,"д. Тайшет, бул. Красноармейский, д. 9/3, 031261",852,Middelbare
1100495209000,"Day, Flores and Ramos","п. Городовиковск, наб. Ломоносова, д. 3 стр. 685, 674238",1024,Films
5030590957073,Black and Sons,"п. Ясный (Оренб.), ул. Лазурная, д. 5/6, 723359",1364,Waar
5149298623480,Collins PLC,"д. Бомнак, ш. О.Кошевого, д. 2, 317003",312,
1176236036624,"Perkins, Willis and Gay","к. Сасово, пер. Деповский, д. 760 к. 22, 278175",886,Gevochten
5192831494103,Diaz-Parker,"клх Троицко-Печорск, ш. Строителей, д. 20 к. 73, 676930",497,Kamp
5222219599135,Espinoza Inc,"г. Тобольск, пр. Механизаторов, д. 4/8, 641666",1041,
1195636447490,Hickman-Harris,"с. Белый Яр (Томск.), алл. Красноармейская, д. 4/2, 481543",213,Engels
1042948535035,"Walker, Newton and Clark","к. Яшкуль, наб. Театральная, д. 663 к. 878, 676585",826,Recept
5018036779085,"Reid, Flores and Archer","г. Северо-Курильск, пер. Кузнечный, д. 9, 381395",2612,Hut
1125634204662,"Wheeler, Edwards and Mullen","клх Калевала, алл. Чернышевского, д. 173 к. 51, 611559",2070,Time
5168927949790,"Williams, Johnson and Davis","к. Листвянка (Иркут.), наб. Алтайская, д. 531 стр. 50, 195559",1539,BMW
5153983709325,Moore PLC,"п. Томск, пер. Кочубея, д. 1/4, 885749",2797,Verbonden
1175946721312,Chen-Ryan,"с. Красноярск, пер. Советов, д. 3, 759820",2662,River
1198135188250,"Smith, Tyler and Turner","с. Зеленоград, пр. Ольховый, д. 7 стр. 2/4, 461853",2979,
1057088297408,Mcintyre LLC,"с. Жигулевск, пер. Городской, д. 6, 732673",2301,Illegaal
5012600046421,Stevens Ltd,"п. Салехард, пер. Хуторской, д. 463 к. 1, 307634",2896,Achtergrond
1156360586843,"Trevino, Evans and Gomez","клх Оренбург, наб. Серова, д. 902, 726156",2648,
1160730942570,"Wheeler, Hernandez and Zimmerman","д. Середниково, пер. Льва Толстого, д. 3/3, 015437",1594,
1084382575595,"Jenkins, Harrington and Guerrero","г. Ербогачен, наб. Толбухина, д. 252 к. 920, 159450",2208,Papieren
1188466350456,"Rodriguez, Ellis and Lewis","п. Балашов, алл. Ветеранов, д. 4 к. 1/3, 386240",1529,Bezorgd
1177437063429,Thomas Ltd,"д. Уэлен, пр. Плеханова, д. 1/6, 544422",2981,
1097441062718,Allen-Jacobs,"д. Красноярск, пер. Тупиковый, д. 61 стр. 404, 037058",1435,Lexus
1014465642025,"Sampson, Vaughan and Moore","клх Северодвинск, ул. Войкова, д. 4 к. 981, 224765",393,
5030837057862,Nichols-Anderson,"г. Новый Оскол, бул. Городской, д. 8, 078427",548,
5104296450682,Roberts-Thompson,"г. Калевала, ш. Семашко, д. 8/4 к. 1/7, 600333",2111,Voordeel
5115652631177,Lynch Ltd,"г. Меренга, ул. Правды, д. 97 стр. 495, 422926",1213,Volvo
5209042835876,Dunn Group,"п. Серпухов, пр. Папанина, д. 4 стр. 123, 192201",1224,
1096160625351,"Smith, Medina and Chavez","клх Елабуга, пер. Ударный, д. 8/3 к. 8, 086543",2978,
1117209628579,Taylor-Anderson,"д. Лесной (Сверд.), наб. Жуковского, д. 2/6 стр. 77, 930295",1230,Klootzak
1018751571695,Martin-Snyder,"к. Губаха, ул. Шахтерская, д. 4 стр. 9, 889547",2367,Coach
1202172632408,"Fritz, George and Peters","к. Тотьма, ул. Томская, д. 8, 431639",2166,
1146854167712,Mccormick Inc,"клх Новый Оскол, наб. Смоленская, д. 9 стр. 6/4, 454530",2221,
1180323023870,Villarreal LLC,"к. Яшалта, ул. Ермака, д. 8 стр. 2/2, 521617",2503,
1206204573156,Scott Inc,"клх Ступино, пер. Профсоюзный, д. 119 стр. 7, 289829",17,
5025459880496,"Morgan, Hernandez and Lester","к. Новомосковск, ш. Суворова, д. 9/6, 161506",1306,
5040839647206,Rivers LLC,"с. Зарайск, бул. Тенистый, д. 15 стр. 1, 004005",132,Doodgaan
1138420817028,Rose Inc,"г. Кимры, наб. Вахитова, д. 7, 958510",1521,
5010104393976,"Gutierrez, Shepherd and Conway","ст. Соловки, алл. Прибрежная, д. 7, 119578",2065,Twijfelen
1036989954528,Diaz-Collins,"д. Обнинск, бул. Линейный, д. 9/1 стр. 9/3, 039450",611,Gingen
1216560565033,Ramirez LLC,"клх Корсаков, наб. Прудная, д. 559 к. 569, 043614",2730,
5045365968456,"Alexander, Morris and Fernandez","ст. Надым, ул. Автомобилистов, д. 4/2, 228562",107,
5060220656106,Kline and Sons,"г. Мыс Шмидта, пр. Вольный, д. 14 к. 378, 064717",930,
5081161381263,Wagner-Smith,"с. Анапа, наб. Коминтерна, д. 81 к. 155, 739779",2920,
5062491064422,"House, Martinez and Thompson","клх Вязьма, ул. Комарова, д. 11 к. 5/3, 801862",2720,
1065956806960,Padilla-Wiley,"д. Мураши, пр. Восточный, д. 5, 863125",2643,Florida
1113629637670,Snyder Inc,"клх Тамбей, наб. Толстого, д. 42, 357299",805,Waarop
1208549160467,Welch Inc,"ст. Томпа, ш. 70 лет Октября, д. 1 стр. 52, 812147",2669,
5134965050875,"Evans, Reid and Barber","д. Агата, пр. Большевистский, д. 7, 322001",483,
5125384382943,"Sandoval, Vargas and Kelly","д. Тымовское, алл. Подстанция, д. 4/4 стр. 3, 243162",1900,Stom
5217303953565,"Mills, Jackson and Ellis","с. Камень-на-Оби, наб. Глинки, д. 786 к. 42, 135753",2171,Degene
5201439011857,Holland-Tucker,"г. Бавлы, ш. 40 лет Победы, д. 9 к. 3, 043396",672,Stank
5156204913783,White Inc,"г. Кировск (Ленин.), ш. Жуковского, д. 942, 465639",2714,
1130548027983,Sanchez-Smith,"г. Нерчинск, ш. Байкальское, д. 788 стр. 22, 415383",2479,Ongerust
5078861303384,Johnson and Sons,"п. Нижневартовск, ш. Проезжее, д. 3 к. 4/5, 200724",2296,
1046279280190,Good-Hopkins,"с. Ноябрьск, наб. Звездная, д. 4, 415180",620,Mag
5117654305170,Warren-Burch,"к. Бавлы, ул. Снежная, д. 1 к. 766, 706081",1362,Ondergoed
5203001180630,Schultz-Bennett,"г. Ербогачен, ул. Бабушкина, д. 38, 261794",2440,
5102757231540,"Weiss, Rivas and Palmer","к. Магнитогорск, пер. Торговый, д. 542, 962689",2259,
1047397348250,Wu-Baker,"г. Солнечногорск, алл. Ярославская, д. 121 к. 34, 069951",1811,
1196290246900,"Ortega, Hill and Simmons","ст. Абакан, ул. Интернациональная, д. 3/2, 977885",296,
1035208040229,"Oconnell, Lambert and Morris","к. Кизляр, наб. Сплавная, д. 88, 394412",2565,
5157334068194,Murray Inc,"г. Кинешма, наб. Никитина, д. 1/5 стр. 494, 535191",58,Ongerust
5025542996111,Payne Ltd,"клх Челябинск, ш. Космодемьянской, д. 89, 074835",2744,
1068819420174,Cooper Inc,"п. Кажим, бул. Гайдара, д. 1, 292677",634,
1145973449049,Rice-Bryant,"ст. Енисейск, ул. Транспортная, д. 14, 777080",916,
5108521250954,Morris PLC,"д. Лянтор, ш. Социалистическое, д. 3/8, 369860",2284,
5128848710876,Keller Group,"клх Слюдянка, ш. Путевое, д. 1/4 стр. 7/7, 242809",2159,
5025054136971,Watson-Long,"с. Кизилюрт, алл. Калинина, д. 248 к. 6/2, 492057",1801,
1068029315661,"Brandt, Waters and Haley","клх Когалым, алл. Некрасова, д. 355 стр. 5, 205216",1769,Tracy
5094358312824,"Burns, Lindsey and Davis","п. Усть-Камчатск, пер. Сенной, д. 8 к. 936, 684882",424,
5218149055340,Williams Group,"ст. Черемхово, пер. Балтийский, д. 6/2 к. 919, 186986",2557,
1027593064201,Camacho LLC,"к. Псков, наб. Кошевого, д. 93 стр. 9/1, 870882",1025,Ruikt
5100887293601,Smith-Perez,"с. Курумкан, наб. Широкая, д. 3/1, 434109",990,
5034228413247,Robinson-Harris,"с. Диксон, бул. Тенистый, д. 40, 941123",1249,
1120103892798,"Middleton, Griffin and Faulkner","к. Оймякон, ш. Красное, д. 594 стр. 4, 746225",1650,Eis
1116048016424,Baker-Chavez,"клх Ейск, ш. Максима Горького, д. 85 к. 615, 270547",2329,
1118982511383,"Reed, Moody and Adams","д. Москва, МГУ, наб. Виноградная, д. 5 к. 745, 304935",536,
5032900691390,Murphy PLC,"п. Санкт-Петербург, бул. Трактовый, д. 9/6 к. 925, 507967",2454,Vertrouwen
1113751796784,Lewis PLC,"клх Люберцы, наб. Радужная, д. 1 к. 8/5, 270484",1562,Dumpen
1158444470722,"Jordan, Jenkins and Haynes","ст. Двинской, наб. Ленина, д. 5/6 стр. 8, 799649",664,
5145722017590,Romero and Sons,"с. Андреаполь, ш. Западное, д. 6 стр. 831, 720969",1968,
5138448690419,"Zimmerman, Thompson and Anderson","клх Соболево, ш. Крупской, д. 316 стр. 5, 313822",1136,
5121094750398,Lee LLC,"клх Жигулевск, пер. Почтовый, д. 5/2 к. 1, 180356",45,Foto
5024504983025,Clark-Hubbard,"г. Байкальск, алл. Запорожская, д. 174 стр. 9, 854525",339,Verhalen
5091730321634,Robles-Martinez,"п. Борзя, пр. Средний, д. 5/1, 753100",2905,
1218521833969,Johnson PLC,"г. Белоярский, алл. Астраханская, д. 2/1 к. 845, 891617",2668,Rat
1068734791586,Peterson Inc,"к. Абинск, ш. Революции, д. 1/9 стр. 68, 414571",2432,Koekjes
1018820393459,Davis-Russo,"п. Апшеронск, пр. Ясный, д. 595, 849097",2861,Rots
5136436892994,Smith Group,"клх Оха, бул. Попова, д. 260 стр. 2, 916597",946,
5080599761864,Garcia-Mccarty,"к. Кизляр, алл. Казанская, д. 42 к. 1, 173220",1050,Sloot
5182141507708,Allen Ltd,"ст. Мыс Шмидта, ш. Угловое, д. 827 к. 756, 953305",2027,
5020220256216,"Rivera, Smith and Morris","п. Малоярославец, наб. Радищева, д. 455 к. 3/6, 856364",1059,Ricky
5108355787360,Miller-Bonilla,"п. Гдов, пер. Толстого, д. 1/2 стр. 79, 882133",708,
1057902381030,"Davis, Martin and Lamb","ст. Касимов, ш. Волкова, д. 9/2, 128916",1668,Goeiemorgen
5073976138671,Le and Sons,"с. Бомнак, пр. Добролюбова, д. 305 к. 129, 658794",1013,Echtgenoot
5130176495610,Gonzalez-Farley,"клх Октябрьский (Башк.), ул. Ленинская, д. 71 стр. 6/4, 433448",333,
1223160863903,Nunez-Blevins,"д. Томари, пр. Индустриальный, д. 96 к. 514, 541555",380,
5216122679735,"Estrada, Martin and Moore","клх Находка, бул. Фабричный, д. 204 к. 401, 661392",459,Huid
5102990200099,Gray-Daugherty,"д. Губкин, бул. Химиков, д. 38 стр. 54, 392810",2029,
1104650098860,Rivera and Sons,"г. Белорецк, алл. Матросова, д. 375 стр. 867, 558611",1022,Verkeerd
1184853877702,"Berger, Jones and Montgomery","ст. Светлогорск (Калин.), пер. Войкова, д. 6/5, 748736",1470,
1046352592615,Cameron-Bauer,"клх Александров Гай, ш. Куйбышева, д. 11 к. 58, 501075",2446,Gebeurt
5199231473865,Holden Inc,"п. Омск, пр. Космонавтов, д. 38, 683207",2459,Rebecca
5091562781680,"Shepard, Gonzalez and Price","п. Ступино, пер. Пушкинский, д. 5/7 стр. 518, 250661",2580,
5127958969100,Bauer-Benson,"клх Крымск, пер. Киевский, д. 3 к. 1, 973686",2337,
1160926067147,"Hardy, Jensen and Douglas","к. Курган, алл. Щербакова, д. 7 стр. 35, 217483",1675,Gordon
5058639268155,Reyes and Sons,"п. Любань, пр. Надежды, д. 9, 344790",2889,Gedrag
1136254770882,"Salazar, Mitchell and Hill","п. Нарьян-Мар, бул. Родниковый, д. 46 к. 5, 410380",1935,Eis
1082104000065,"Johnson, Zimmerman and Anderson","д. Киров (Вятка), наб. Крылова, д. 934, 380912",728,Gijzelaars
5209288266721,Baldwin-Manning,"ст. Усть-Ишим, пер. Водопроводный, д. 332 к. 58, 384170",804,Borsten
1133388718605,Jennings Inc,"с. Пинега, пр. Лермонтова, д. 2, 739964",1778,
5113201481124,Warren Inc,"п. Моршанск, ш. Шолохова, д. 84 стр. 454, 542115",2036,
5060344339358,"Garcia, Knight and Shea","к. Учалы, наб. Высоковольтная, д. 9 к. 643, 400387",1095,Schoft
5194235264119,Pham Ltd,"к. Бомнак, ш. Красных Партизан, д. 592 к. 5/2, 918812",2816,
5100359312390,Collins-Vargas,"д. Ханты-Мансийск, алл. Саратовская, д. 8 к. 6/5, 116225",2463,
5059284968078,"Martin, Wood and Valentine","клх Клин, наб. Осипенко, д. 4, 711696",467,Aantrekken
1014520632268,Smith-Chang,"п. Калач-на-Дону, пер. Радищева, д. 6, 477982",273,
5112023530592,"Dawson, Salazar and Rogers","с. Благовещенск (Амур.), наб. 60 лет Октября, д. 8/9, 160620",2868,
5166414919700,Smith LLC,"клх Андреаполь, ш. Химиков, д. 1/7, 733112",1544,Gelaten
1134840135770,Gutierrez PLC,"с. Агата, пер. Амурский, д. 133 стр. 2/5, 029976",1850,Vloer
1111375490280,Roberson LLC,"г. Кизел, наб. Машиностроителей, д. 92, 411560",1289,Regel
1108918561212,Brown and Sons,"клх Апатиты, ш. Кочубея, д. 90 стр. 752, 724083",1752,Samen
5118642293204,"White, Henry and Soto","п. Рославль, алл. Пограничная, д. 49 к. 4, 895068",1431,
1061011926095,"Brown, Kramer and Patterson","клх Мостовской, ш. 8 Марта, д. 8/8 к. 556, 072387",50,
1120945853544,Hayes Group,"п. Шелехов, ул. Жукова, д. 707, 551030",1871,
5165761138769,George-Sharp,"ст. Новороссийск, наб. Сахалинская, д. 2/1 стр. 2, 045340",1477,Verder
5200151454608,Fisher Inc,"п. Выборг, пр. Невского, д. 746 стр. 90, 782380",101,
5198464839095,"Webb, Shaffer and Frederick","п. Вуктыл, пр. Лазурный, д. 776 стр. 720, 047675",2980,Mexico
5016179015254,Gray-Williams,"клх Лазаревское, ул. Кочубея, д. 53, 933196",1049,
1220723029284,Fernandez and Sons,"с. Мичуринск, ул. Сосновая, д. 308 к. 4, 903706",541,Bevestigd
1033363003607,"Watts, Oliver and Anderson","клх Нижнекамск, бул. Инженерный, д. 6/7 к. 724, 725885",2931,Haren
5184083344176,"Rodriguez, Hamilton and Thornton","ст. Великие Луки, алл. Никитина, д. 77 к. 6/5, 212836",1558,Eli
1101405446977,Allen-Dixon,"г. Каргополь, наб. Строительная, д. 3 к. 9, 811502",2893,Hoorden
1201504243434,"Lee, Allen and Page","с. Кулунда, пр. Деповский, д. 40 к. 2, 990979",1011,Zocht
1172772613540,"Williams, Montoya and Lee","ст. Сибай, алл. Энтузиастов, д. 816, 394076",1853,Wisselen
5012616908926,"Hampton, Trevino and Robinson","клх Троицко-Печорск, пер. Слободской, д. 386 к. 14, 321827",1624,
5113208238732,Reed-Bauer,"ст. Данков, пр. Украинский, д. 888 к. 772, 269572",2475,Lelijk
5066207505161,"Taylor, Hodge and Patel","п. Шелагонцы, пр. Щетинкина, д. 7/2, 550655",286,
1086767699160,"Owens, Bailey and Jensen","г. Хатанга, алл. Новая, д. 877 стр. 8, 559500",2057,Vroeger
1082860898977,"Mcguire, Johnson and Harris","ст. Валдай, ул. Жуковского, д. 2 к. 2/8, 231520",1047,
5191084997758,"Murphy, Chavez and Singleton","п. Петрозаводск, наб. Харьковская, д. 906, 255494",1841,Vegas
5156861147702,Stewart Group,"к. Руза, пер. Гоголя, д. 134, 825101",731,
5111289366117,Gonzales-Bond,"к. Данков, пр. Базарный, д. 32, 984957",853,
1071941837770,Davis LLC,"с. Октябрьское (Хант.), алл. Ленинградская, д. 7 к. 934, 003602",1138,Ruik
1054452481214,Nguyen Group,"ст. Морозовск, алл. Строительная, д. 649 к. 7/6, 625763",2930,Tess
1122791787260,Harrell PLC,"клх Далматово, бул. Полевой, д. 9/7 к. 6, 321175",1178,Aanwezigheid
1128797182403,Boyd-Case,"к. Рубцовск, ш. Кочубея, д. 63 стр. 114, 900896",1718,
5143060294702,Castaneda-Dunn,"к. Дубна, пр. Белинского, д. 26 к. 98, 942335",75,Uitgaan
5088126082930,Torres Group,"клх Сорочинск, пр. Тимирязева, д. 628 стр. 619, 930509",1691,
5060695578422,"Orozco, Soto and Oliver","г. Нягань, алл. Белорусская, д. 15 к. 31, 719722",2311,
1111816533784,"Cook, Hayes and Mooney","д. Обнинск, алл. Лазо, д. 7 стр. 77, 508003",1437,Gordon
5049195000718,Gonzalez Inc,"п. Кузнецк, пр. Никитина, д. 119 к. 1, 436935",1586,Degene
1018679169409,"White, Duncan and Booker","д. Байкальск, алл. 8-е Марта, д. 6, 266956",2397,
5110288560575,Proctor Group,"д. Сарапул, алл. Энтузиастов, д. 6/8 стр. 3, 409027",851,
1214123752457,Dominguez Group,"к. Диксон, ш. Краснопартизанское, д. 27 стр. 49, 809289",688,Bereiken
1036685111242,"Greer, Thomas and Pratt","д. Добрянка, алл. Победы, д. 24, 736774",2146,Carl
5103194961491,Nichols Group,"п. Звенигород, ул. Новгородская, д. 26, 178426",2141,Tijger
1147922381881,"Murphy, Ellis and Bailey","г. Устюжна, пр. ДОС, д. 36, 591035",1907,Schreeuw
5061580319169,"Melendez, Matthews and Campbell","д. Фатеж, алл. Цветочная, д. 3 к. 5/2, 815130",1039,Geheimen
1168407565875,Strong Inc,"к. Тулпан, пер. Разина, д. 36 к. 246, 799316",223,
5062594232366,Hernandez-Stevenson,"д. Туапсе, наб. Волгоградская, д. 4 к. 75, 846948",1128,
5153223300885,Durham PLC,"клх Североуральск, наб. Транспортная, д. 3, 633387",202,Tony
5140937327020,"Wilson, Hughes and Williams","ст. Сосновый Бор, пр. Дорожный, д. 212, 851201",506,Goedenavond
5032744996697,"Robertson, Raymond and Hill","г. Псков, ш. Братское, д. 90, 557552",1994,Belangrijker
1055744944970,"Johnson, Wong and King","с. Соловки, бул. Омский, д. 84, 978952",1867,
5134323257943,Moreno-Scott,"г. Шелехов, пр. Морской, д. 7/7 к. 266, 615831",2061,
1175897082723,Murray-Adams,"д. Курган, наб. Тимирязева, д. 9/2, 551000",1196,Annie
1079245754642,Hunter-Rodriguez,"клх Бологое, пер. Нахимова, д. 322, 134085",494,West
1205886214159,Joseph-Sanders,"д. Обоянь, пр. Троицкий, д. 9/6, 313189",685,Spanning
5159288651484,Rose-Galloway,"с. Чулым, ш. Просторное, д. 5 к. 79, 392037",742,
1187670949630,Jones Group,"клх Киржач, алл. Февральская, д. 8 стр. 269, 964634",1466,
5021910806066,Thompson-Lutz,"г. Калач, пер. Лесхозный, д. 7/2, 939157",709,Macht
5140887809024,Sanders-Williams,"ст. Северодвинск, ш. Радужное, д. 4 к. 6/9, 623472",2184,Grand
1072938641820,Olson Ltd,"клх Малоярославец, ш. Л.Толстого, д. 428 стр. 6, 495283",2531,
5174457956680,Brown Group,"ст. Нижний Новгород, пер. Комарова, д. 278 стр. 460, 049895",711,Liegen
5027653188569,Romero-Holt,"д. Урай, ул. Тенистая, д. 3, 531621",525,Vermist
1041269223270,"Carey, Mcgee and White","с. Токсово, пер. Широкий, д. 8/3, 780889",370,
5014326765570,Mason Inc,"клх Ревда (Сверд.), ш. Л.Толстого, д. 5/6, 526965",2564,
5062020853220,Sandoval Ltd,"п. Омск, ул. Степана Разина, д. 1 к. 9/4, 163985",2908,
5022346630862,"Anthony, Rodriguez and White","клх Ревда (Сверд.), наб. Угловая, д. 2/4 к. 3/9, 898632",809,Madame
5157020070202,Moore LLC,"п. Шелехов, бул. Вавилова, д. 8/4, 551711",1198,
1176201084180,Patterson PLC,"к. Змеиногорск, пр. Некрасова, д. 382, 208407",1069,
5175795983204,Wolf-Avila,"ст. Бодайбо, алл. Интернациональная, д. 940 стр. 1, 917768",334,
5094474236302,Kennedy Group,"с. Октябрьское (Челяб.), ш. Большое, д. 5/4, 430948",2045,
1046618789469,Hernandez-Mcintosh,"клх Кропоткин (Краснод.), пер. Стахановский, д. 5/2 стр. 623, 852251",2737,
1085873774865,"Lambert, Cross and Thompson","д. Великие Луки, бул. Жуковского, д. 8 стр. 3, 512009",1485,
1161698796159,"Pitts, Mitchell and Walker","ст. Нижний Новгород, бул. Брянский, д. 2/8 стр. 8, 945260",2638,Vaker
1071489177649,Wood Ltd,"г. Набережные Челны, ул. Кузнецкая, д. 347 к. 1, 578501",2801,Zeuren
5051783653851,Charles Inc,"клх Прохладный, ш. Краснознаменное, д. 7/3, 336827",2759,
5167007608037,"Marshall, Chavez and Leon","клх Мокшан, бул. Владимирский, д. 67, 262134",1400,
1128453003227,Beltran LLC,"д. Иваново, ул. Тихая, д. 4/7 стр. 46, 326377",2808,Eenzame
5015181549730,Miller-Reese,"с. Алагир, ш. Радищева, д. 219, 400137",1924,Binnenkort
1035201726295,Mendoza-Beck,"с. Печора, бул. Васильковый, д. 659 к. 6/5, 143800",295,УАЗ
5081166405491,Garcia-Acosta,"ст. Алексин, алл. Набережная, д. 34 к. 2, 553017",1257,
1147978741635,"Hammond, Cabrera and Jackson","с. Елабуга, пер. 9 мая, д. 531, 114019",486,
5141198386302,Wheeler LLC,"к. Кудымкар, бул. Снежный, д. 7 стр. 3, 870804",2851,Ashley
5034015672664,Davis-Swanson,"ст. Игнашино, пер. Уральский, д. 14 к. 5, 947500",1570,
5063150553626,Smith-Gibson,"с. Курган, пер. Октября, д. 149, 764047",509,
5155110029730,Shaw LLC,"д. Чокурдах, бул. Пушкинский, д. 8 к. 960, 863047",1020,
1090456480641,"Wilson, Whitaker and Roberts","д. Тимашевск, алл. 1 Мая, д. 3/1, 746087",1114,Dagboek
1166798017440,Horne-Perry,"г. Кингисепп, ул. Первомайская, д. 5/9, 922771",2974,
5065429301625,"Little, Ruiz and Robinson","к. Хужир, пр. Чкалова, д. 1/6 стр. 22, 443709",671,Begonnen
1212150663350,Barnett PLC,"д. Владимир, пер. Специалистов, д. 920 к. 34, 874196",1427,Media
1038128201143,"Shields, Walker and Taylor","ст. Северобайкальск, алл. Гоголя, д. 46 стр. 9, 340951",727,Hek
1157632562812,"Wallace, Sullivan and Lee","д. Братск, алл. Овражная, д. 4/1 к. 366, 122556",2825,Madame
1118437598454,Price Inc,"ст. Верхнее Пенжино, пр. Сенной, д. 30 к. 75, 184264",2869,Goedenavond
1167385974260,Evans-Hernandez,"п. Чита, бул. Восточный, д. 4/2 стр. 915, 149535",1656,Goedenavond
1205457667447,Ford Inc,"с. Наро-Фоминск, ул. Энтузиастов, д. 3 стр. 1, 735567",2034,Kwaad
1062053142854,Ward-Lowe,"д. Выборг, пер. Свободный, д. 392, 207620",1923,
5213755865868,Reynolds and Sons,"к. Осташков, пер. Тамбовский, д. 89 стр. 6/2, 488199",2544,
5140985568543,Chapman and Sons,"г. Куртамыш, ул. Большая, д. 3, 906764",1184,Bestellen
5141494708130,Zimmerman-Smith,"п. Щелково, пер. Проезжий, д. 8 стр. 6, 880951",1528,Lig
5103979635447,"Cohen, Hernandez and Turner","п. Рыльск, бул. Саратовский, д. 949 стр. 4/3, 294511",889,Vooral
1222411665519,Rice Group,"п. Ахтубинск, пер. Новый, д. 23 к. 31, 262145",2610,Green
5205538311039,Gonzalez LLC,"д. Углегорск, бул. Моховой, д. 76, 223745",1999,Films
5072800248703,Davis-Ellis,"с. Кемерово, пер. Щетинкина, д. 6 к. 4/8, 209194",2046,Riskant
5143538120556,Gonzalez Group,"к. Курган, наб. Республиканская, д. 33 стр. 4, 313057",2590,
5078068070614,Montgomery Inc,"клх Старая Русса, алл. Полярная, д. 375 стр. 347, 699043",583,Risico'S
5210987524490,Jimenez-Mcguire,"с. Элиста, ш. Сосновое, д. 7, 092274",972,Gevecht
1102940197172,"Allen, Torres and Mendez","клх Асино, бул. Энгельса, д. 287 стр. 6, 575204",1159,
5111157686976,Allison and Sons,"п. Миллерово, пер. Московский, д. 757, 319264",305,Se
1052707028065,"Ortiz, Smith and Cummings","ст. Лагань, ш. Дорожников, д. 5/6 стр. 917, 430788",1490,
1174283757592,Fowler and Sons,"с. Бугуруслан, бул. Октября, д. 60 стр. 6, 970702",410,Volgen
5149004408284,"Lopez, Rodriguez and Bradley","ст. Красногорск (Моск.), бул. Павлова, д. 628 к. 992, 456920",539,
1180723089810,Adams-Dixon,"ст. Партизанск, алл. Красная, д. 18 к. 685, 043821",997,
5176515550756,Taylor and Sons,"ст. Алагир, пер. Новоселов, д. 850, 088066",2585,Enorme
1145642626326,"Murphy, Richards and Rodriguez","г. Нижнеудинск, бул. Майский, д. 58, 353161",1468,
5048488987003,"Wise, Coffey and Rodriguez","клх Вязьма, пр. Островского, д. 6 стр. 7, 631531",357,Natuurlijk
1020173781737,Wood Ltd,"п. Серафимович, пр. Кубанский, д. 7 стр. 96, 132514",2268,
1140492978670,"Brown, Shaw and Parrish","к. Шали, ул. Путейская, д. 37 к. 48, 367095",1616,Tong
1080640970630,"Poole, Diaz and Adkins","к. Амурск, пр. Приморский, д. 5/7, 245660",2513,
1033913589665,"Cross, David and Webb","д. Ангарск, бул. Маркса, д. 9/4, 322167",3,
1204122214955,Clark Ltd,"г. Петушки, ул. Куйбышева, д. 14 к. 5/6, 347196",2875,Morgenochtend
5086368307427,Ford Ltd,"п. Корсаков, пер. Гончарова, д. 55 к. 3/1, 413648",1585,
5028818250049,Thomas-Bullock,"г. Медногорск, пр. Геологов, д. 3/7 стр. 9/7, 329063",1310,
5162528970709,"Rios, Kim and Whitaker","с. Киржач, ш. Крымское, д. 346, 453653",848,Beloof
1096603058826,Dillon-Odom,"клх Куртамыш, пер. Индустриальный, д. 9/8 к. 949, 406274",2811,Woensdag
1113571959060,Kent-Dominguez,"ст. Серебряные Пруды, пр. Свободы, д. 7/5 к. 515, 648487",1679,
1132275207580,Kelly LLC,"клх Майкоп, наб. Ворошилова, д. 30 стр. 3/5, 660830",2620,
1123570029054,Moore and Sons,"г. Соболево, бул. 40 лет Победы, д. 749, 523066",1075,
1217727524992,Hodge Group,"г. Сарапул, алл. Машиностроителей, д. 1/6, 310483",2427,
5092863420843,"Howard, Brady and Ponce","с. Ангарск, ул. Поселковая, д. 308 стр. 9/5, 581051",292,
5222735235036,"Bailey, Cochran and Mitchell","с. Красноуфимск, алл. 50 лет Победы, д. 926 стр. 5, 471487",1821,
1021570801119,"Rivers, Morales and Jones","клх Горно-Алтайск, пр. Прудовой, д. 7 стр. 846, 030913",966,Ligt
1107584283487,"Anderson, Cameron and Heath","ст. Новороссийск, пер. Озерный, д. 8/1, 226781",215,Ontdekte
1067962925315,"Lee, Garcia and Owens","к. Звенигород, пр. Технический, д. 584 стр. 98, 306841",1754,
1094486731151,"Patrick, Cervantes and Smith","г. Курганинск, ул. Поселковая, д. 59 к. 3, 033422",2455,
1011406706464,Mckenzie-Green,"ст. Красновишерск, ул. Осенняя, д. 6 стр. 69, 898082",352,Jeetje
1205762108375,Thomas-Adams,"п. Ставрополь, наб. Угловая, д. 136 к. 358, 884556",2210,Minuut
5223749594789,Hernandez and Sons,"п. Белореченск, наб. Кочубея, д. 169 стр. 141, 251450",1839,
5096266748166,"Bell, Young and Lewis","д. Холмск, ш. Р.Люксембург, д. 879 стр. 6/1, 328359",2555,
1155988399302,Sparks-Wood,"к. Агата, ул. Ильича, д. 3/1 к. 48, 589050",558,
5073357682525,Bishop PLC,"ст. Кашира, ул. Беляева, д. 60 стр. 960, 717348",1071,Zeep
1222561228504,Wade-Thomas,"ст. Нижний Тагил, наб. Безымянная, д. 4, 216811",1583,Hannah
5085909944566,"Dodson, Wright and Garcia","ст. Шаховская, пр. Советский, д. 927 стр. 5/4, 272171",544,Boel
1125193794990,Burton-Oconnor,"г. Джейрах, алл. Кооперативная, д. 90 к. 835, 233430",2992,
1194356683861,Hodge-Vaughn,"г. Беломорск, алл. Гагарина, д. 875 к. 6, 851799",2115,
1106274862418,Taylor-Clark,"к. Горячинск, ш. Ленинградское, д. 8/8 к. 2/4, 487246",1446,Hoelang
5224572930170,"Stuart, Fox and White","д. Сосногорск, алл. Лунная, д. 2/4 стр. 2/7, 017807",794,
1186975751137,"Jones, Young and Mendoza","к. Таштагол, наб. Камская, д. 3 стр. 438, 404578",1229,
5203168060464,"Miller, Johnson and Vargas","к. Соловки, ул. Светлая, д. 4 стр. 521, 156719",1320,Wachten
1021722191622,Vargas-Mack,"клх Нерчинск, наб. Жукова, д. 787, 363175",95,
1184958151960,"Thompson, Burch and Ashley","д. Чегем, пр. Юбилейный, д. 3, 459347",1806,Krijgt
1105453038349,"Brock, Taylor and Oliver","п. Можайск, ш. Песочное, д. 788 стр. 3, 885211",2081,Borden
5098705742922,"Sloan, Medina and Brown","ст. Глазов, бул. Смирнова, д. 6/3 к. 47, 540667",1222,Borrel
1127331470804,Mcbride LLC,"г. Боровск, бул. Логовой, д. 724 к. 3, 661379",962,Vermist
5085823119740,"Mitchell, Vargas and Olson","к. Учалы, ул. Володарского, д. 587 к. 7, 196645",2709,Begonnen
1108433532294,Hernandez Ltd,"клх Южноуральск, ш. Путевое, д. 608 стр. 4/2, 844372",771,Green
1025588131271,Dunn-Rodriguez,"клх Казань, алл. Макаренко, д. 604, 032066",2275,Ontmoet
5128663001440,"Harris, Fritz and Patton","к. Александров Гай, пр. Фурманова, д. 6 к. 796, 354209",435,Morgenochtend
1040489588809,Miller and Sons,"клх Фатеж, пер. Ленский, д. 3 стр. 7, 966520",2449,Aanbieden
5062788374941,"Rodriguez, Elliott and Cox","д. Ахтубинск, бул. Высоцкого, д. 52 к. 6/7, 554410",499,
1051637540965,"Davis, Hudson and Sellers","г. Уссурийск, ул. Харьковская, д. 490, 828402",537,Romantisch
5024769058331,Coffey Group,"п. Кяхта, пр. Энергетический, д. 1, 177628",2645,Goedenavond
5026506447920,Rich-Hutchinson,"к. Усть-Баргузин, пр. Кирпичный, д. 202 к. 698, 263211",1943,
1043867315876,"Kirby, White and Conner","д. Ельня, наб. Павлова, д. 962 к. 559, 350307",1099,Bagage
1224028330096,Flores-Smith,"ст. Медногорск, наб. Минская, д. 2 стр. 6/3, 162402",2731,
1227984059566,Thomas Inc,"клх Саянск, пер. З.Космодемьянской, д. 1/2, 468876",1642,Bingo
5055452467659,Cooper Group,"клх Саров (Морд.), бул. Папанина, д. 3 стр. 4/3, 071247",1950,
1068888169657,"Duncan, Spears and Johnson","д. Апшеронск, пер. Советский, д. 73 стр. 8, 016661",2766,
5150809394600,Espinoza LLC,"к. Темрюк, ш. Черноморское, д. 7/5 к. 15, 858125",2960,
1122993858932,Bray Inc,"ст. Ухта, алл. Халтурина, д. 2/6 стр. 5, 037660",1904,
1147609039423,Hart Ltd,"ст. Оймякон, ул. Астраханская, д. 998 стр. 6, 236156",1673,
1173241436323,"Hendricks, Cohen and Taylor","клх Тавда, пер. Стахановский, д. 231, 338354",1144,Wedden
5140826979288,Gutierrez-Rivas,"клх Терней, пер. Рыбацкий, д. 7/2 к. 3, 199582",861,
1228138235412,Bailey-Perez,"с. Шумиха, пер. Таманский, д. 53 стр. 4, 124997",2850,
1135529194778,Jarvis-Davis,"д. Магадан, пр. Свердлова, д. 56 стр. 4, 312335",933,
5151146474837,Snyder Inc,"к. Черусти, алл. Советская, д. 55, 839720",747,
5089185613578,Weber-Rodriguez,"г. Мценск, пр. Огородный, д. 9, 183143",1194,
1227968853991,"Young, Smith and Ortiz","д. Петрозаводск, ул. Высотная, д. 53 стр. 1, 373669",484,Mn
1127660981898,"Schultz, Griffin and Farmer","д. Киржач, пер. Специалистов, д. 3, 938485",1956,
1222180925768,Lowe and Sons,"д. Тарко-Сале, ш. 70 лет Октября, д. 282 стр. 6, 036145",342,
5140101224555,Burns LLC,"г. Королев, бул. Тургенева, д. 67, 021149",76,
1162380840600,Simpson and Sons,"к. Усть-Кулом, наб. Макарова, д. 5 стр. 40, 384331",857,Duurde
1011675850262,Hess-Garrett,"ст. Энгельс, алл. Леонова, д. 3 стр. 52, 083223",2897,Chevrolet
1166785003758,Brandt-Arnold,"д. Джейрах, ш. Ягодное, д. 68 к. 5/6, 660065",734,
5198908991034,Jackson and Sons,"п. Москва, МГУ, пр. Ветеранов, д. 82 стр. 8, 530735",51,
1183185874618,Schmitt-Gardner,"г. Кежма, пр. Выгонный, д. 1, 131831",2000,As
5121629939789,Bass-Vang,"с. Печора, пр. Радужный, д. 979 к. 998, 581279",1090,Papieren
5075466431410,Silva-Smith,"с. Заводоуковск, наб. Фрунзе, д. 54 к. 9, 259547",2016,Rechten
5175335153659,Anthony-Martin,"г. Горячий Ключ, пер. Проточный, д. 2 стр. 6/4, 751942",1189,
1033874072517,Watts-Perez,"с. Калязин, ул. Достоевского, д. 3 к. 4, 096151",1160,Lady
5132714765772,Mays-Salas,"к. Омск, бул. Проезжий, д. 8 к. 57, 965130",18,Vermist
5107864160278,"Johnson, Cooper and Solis","ст. Усть-Ордынский, наб. 9 мая, д. 85, 805155",1560,Steekt
1222907567211,Patrick-Gibson,"г. Быково (метеост.), пр. Высокий, д. 87, 417516",2302,
5062747230145,Morgan and Sons,"к. Луховицы, ш. Логовое, д. 8/1 к. 8/1, 520860",1599,Enorme
5178721345171,Wyatt Inc,"к. Тымовское, пер. Санаторный, д. 4 стр. 160, 153146",1791,
1104241609230,"Green, Dixon and Hogan","п. Серебряные Пруды, пер. Розы Люксембург, д. 4 стр. 42, 954729",2525,
1173656948244,Oneill Group,"п. Шарья, пр. Ленина, д. 8/9, 490940",1677,
1034819128739,Duncan LLC,"с. Волоколамск, пер. Мелиоративный, д. 8/5, 396353",1370,
5137651534818,Whitaker Inc,"с. Алдан, алл. Театральная, д. 3/7, 228239",1356,
5163364735815,Gonzalez Group,"клх Дубна, наб. Льва Толстого, д. 7, 887932",2735,Captain
1173704514323,Warren LLC,"к. Учалы, ш. Космическое, д. 30, 662180",1232,
5140417340564,Stark LLC,"д. Миасс, ул. Заозерная, д. 6/6, 762185",1604,Koud
5148252675665,"Bennett, Gonzalez and Watson","с. Агата, ул. Цветочная, д. 984 к. 5/7, 789886",1828,Begonnen
5146812060962,Moss-Johnson,"г. Гаврилов-Ям, бул. Черемушки, д. 7, 980594",2412,
5147228243344,"Reeves, James and Williams","ст. Кингисепп, наб. Звездная, д. 110, 527158",1051,Toen
5166937344701,Montgomery-Keller,"к. Яр-Сале, алл. Кирова, д. 81 к. 2, 364918",1499,Verloor
5170736883774,"Cain, Ferguson and Green","ст. Завьялиха, бул. Строителей, д. 899 стр. 581, 297447",1284,Bezoekers
1145537626684,Craig Ltd,"д. Октябрьское (Хант.), ул. Астраханская, д. 40, 223001",2554,Gekregen
1184075200011,Wallace LLC,"к. Диксон, пер. Черемуховый, д. 2 стр. 2, 819637",460,
5013059364863,"Allen, Kelley and Lopez","к. Бийск, алл. Зои Космодемьянской, д. 3, 867557",1655,
5044506657795,Patterson Ltd,"к. Уфа, ш. Лазо, д. 4/9 к. 5/3, 629500",947,Zet
5192058106686,Morris LLC,"п. Аршан (Бурят.), бул. Мусы Джалиля, д. 3/9 стр. 8/9, 386376",79,Prinses
5056288057359,Cameron Inc,"ст. Билибино, пр. Ленский, д. 657, 747928",1993,
5164619378369,Peterson Ltd,"клх Ростов, алл. Седова, д. 596 стр. 2, 550171",2148,Lincoln
5154183644379,Sullivan and Sons,"с. Чебаркуль, пер. Славянский, д. 4/9 стр. 90, 467364",2803,Achter
5076130069142,Jones-Thomas,"с. Красноярск, бул. Смоленский, д. 996 к. 326, 201894",81,Ontwikkeld
5157860493984,Velasquez Group,"с. Беломорск, пер. Тополиный, д. 7 к. 428, 373014",2180,
5164113958916,Davis-Smith,"клх Каменномостский, ул. Павлова, д. 979, 702321",1843,
5180176314225,"Galloway, Smith and Peters","ст. Долинск, ул. Парижской Коммуны, д. 7/1 к. 79, 309555",725,Ontwikkeld
5142344623449,"Smith, Wallace and Dudley","г. Хасавюрт, пер. Абрикосовый, д. 3/6 к. 30, 791436",1572,
1084315870979,"King, Moore and Aguilar","п. Тосно, пер. Большевистский, д. 98 к. 7, 799230",1325,Belt
5014853999860,Lewis-Ortiz,"п. Котельнич, наб. Боровая, д. 242 к. 595, 221334",1061,
1147238967952,Roberts Ltd,"г. Арсеньев, ул. Троицкая, д. 5 к. 960, 848889",2325,
1036442265892,"Burns, Soto and Matthews","к. Мокшан, алл. Ставропольская, д. 86 стр. 848, 871770",2854,
5118918851145,Hancock Inc,"ст. Тулпан, алл. Коммуны, д. 96 к. 514, 700178",2005,Dwars
5107347029477,"Sullivan, Riddle and Barron","с. Кашира, алл. Советов, д. 18 стр. 5, 200078",2100,
1187314560707,Ward-Barker,"к. Киренск, алл. Дружбы, д. 914, 209500",12,Binnenkort
1147868176060,Fox PLC,"с. Пятигорск, пр. Матросова, д. 5/2 стр. 798, 216103",2156,
5226940054974,Blanchard-Dixon,"с. Чебаркуль, алл. Ушакова, д. 6 к. 1/1, 732375",487,Live
5098985282017,Johnson-Bennett,"г. Североморск, бул. Интернациональный, д. 6/9, 969819",1245,Snelle
1113033839214,Deleon-Miller,"ст. Аша, бул. Ильича, д. 7, 602520",207,Ofwel
5228801534319,"Garcia, Weaver and Turner","г. Апшеронск, наб. Прудовая, д. 84 стр. 20, 863066",2195,Zwembad
1108959346572,Berger-Curry,"д. Домодедово, ул. Западная, д. 1/2, 368624",1742,Einde
5192581820954,Williams-Rodriguez,"ст. Егорьевск, пр. Верхний, д. 862 стр. 581, 682963",1636,
5145709660685,Franco Inc,"к. Ведено, бул. Чайковского, д. 734, 397517",2358,Voorbeeld
5193517545766,Thomas Group,"ст. Ербогачен, алл. Павлова, д. 81 к. 8/6, 374817",632,
5161463706014,Mejia LLC,"п. Фатеж, ул. Угольная, д. 4, 364273",2035,Blad
1173070522811,"Ritter, Roberts and Galloway","ст. Магас, пер. Вавилова, д. 193 стр. 7, 802046",1982,
1044641513322,Miller Ltd,"клх Верхнее Пенжино, пр. Сахалинский, д. 27 к. 652, 699812",697,Verhouding
5157515978571,Sandoval-Tate,"с. Снежинск, пер. Курчатова, д. 9/9 стр. 4, 798279",1551,Halt
1014429786140,Page-Newman,"с. Каргасок, ш. Юности, д. 555 стр. 6/6, 917111",1097,Zingt
1105503300110,"Morgan, Ryan and Howard","г. Городовиковск, пр. Красных Партизан, д. 79 к. 35, 368896",384,
5013696289250,Moreno-Ellison,"д. Чехов, пр. Гайдара, д. 495, 114848",2790,
5114314882787,Martinez-Williams,"с. Печора, пер. Луговой, д. 3 к. 1/7, 084442",1150,Italiaans
5032661775328,Gonzalez-Durham,"д. Борзя, алл. Олега Кошевого, д. 9, 988279",1998,Seconde
5172973801138,Hammond-Simmons,"г. Советский, пер. Геологический, д. 873 стр. 5/7, 049990",1082,
5046233359321,Nguyen-Liu,"с. Кущевская, бул. Азина, д. 277 стр. 2/1, 450056",934,Huid
1056817413641,Garcia Group,"ст. Ростов-на-Дону, бул. 1 Мая, д. 68 к. 8/9, 693404",726,
5168655325340,Phelps-Johnson,"д. Орехово-Зуево, пр. Леваневского, д. 5, 470789",1882,Waardeloze
1078154073062,Smith-Pierce,"с. Муравленко, ш. Сиреневое, д. 3/7 стр. 38, 458928",1079,
5096419674820,Henson LLC,"с. Лотошино, наб. Советская, д. 790 к. 72, 185376",2051,Ongelooflijk
5010944945215,"Huff, Garza and Harrison","г. Березники, наб. Гончарова, д. 9 к. 8, 089730",2964,
5226829311385,Flores LLC,"клх Губкин, пер. Мира, д. 56, 645121",1818,
5223199290441,Green-Wells,"к. Петушки, ул. Загородная, д. 7, 236738",1888,Twijfelen
1016537975277,Rice PLC,"ст. Пышма, наб. Новгородская, д. 7/6 стр. 900, 589800",2885,Geregeld
5077973937840,Phillips Inc,"с. Краснокамск, пр. Фестивальный, д. 1/2, 395738",316,Wagen
5201240233904,"Vargas, Dunn and Thomas","г. Чайковский, бул. Дорожников, д. 4 стр. 5/4, 286494",1621,Professor
5052291646260,Hansen-Carroll,"клх Углич, алл. Студенческая, д. 45 стр. 6, 158960",288,Voorwaarts
1199195295870,Jennings-Lewis,"д. Бугульма, бул. Лазурный, д. 1 стр. 32, 924219",398,Herinneren
1150988779875,Cardenas-Clay,"к. Миасс, пр. Павлова, д. 10 стр. 1/1, 167368",596,Duurde
1064803769007,"Palmer, Myers and English","ст. Калач-на-Дону, алл. Заречная, д. 396 к. 52, 089943",225,
1160412200233,Jones Inc,"с. Дербент, пр. Краснофлотский, д. 25, 760507",1280,
5104148266646,Chen-Clark,"к. Лянтор, бул. Речной, д. 80 стр. 75, 821612",2793,
1227246968860,Arellano-Curtis,"с. Карпинск, ул. Нижняя, д. 47, 376654",1959,Hoewel
1147220048876,Green Ltd,"п. Канск, пр. 40 лет Октября, д. 871 к. 57, 469091",609,
1195403062249,Anthony Inc,"ст. Воскресенск, наб. Надежды, д. 6 стр. 9/7, 672672",2191,
5190711105932,Rodriguez Inc,"г. Кызыл, ш. Тополиное, д. 211, 582695",766,
5225531372413,Wolf-Stephens,"д. Нефтегорск (Самар.), алл. Лесхозная, д. 5/8 к. 93, 350325",2198,Juli
5195349755244,Armstrong LLC,"с. Горно-Алтайск, ш. Березовое, д. 5, 290377",2253,Band
5133108849715,Rowe-Jenkins,"г. Диксон, ул. Овражная, д. 3/7 к. 5, 217652",1448,
5213026776045,Whitaker-Hanson,"п. Асбест, бул. Депутатский, д. 90 к. 5, 546923",1398,Vanavond
1044030461881,Ritter-Schmidt,"с. Джубга, бул. Дальний, д. 5, 164707",2136,
1030922137707,Gibson LLC,"клх Катайск, ул. 50 лет Победы, д. 1, 135657",84,
1082928409244,Brown-Terry,"д. Углич, алл. Космонавтов, д. 1, 214581",214,
1133660953898,"Edwards, Johnson and Bright","д. Глазов, пер. Герцена, д. 1/9, 512180",660,Nichtje
1094697963293,Cross PLC,"с. Приморско-Ахтарск, ул. Московская, д. 2 к. 8, 780427",33,Keren
5132230469135,Medina-Miller,"п. Новый Оскол, пер. Королева, д. 910 стр. 7, 573864",439,
5133815070010,Davidson-Lane,"клх Серов, ш. Ангарское, д. 425 стр. 6/3, 901411",269,Snelle
1157092055097,Potter Group,"д. Губкинский, ул. Мельничная, д. 9, 844726",209,Weggaan
1175764227550,"Herman, Fox and Garcia","к. Калининград, бул. Союзный, д. 7, 352143",1902,BMW
1218596513112,Vasquez LLC,"клх Новосибирск, ул. Смоленская, д. 3/8 стр. 7/4, 240610",1016,
5010418407929,"Miller, Mckenzie and Reid","ст. Иваново, ул. Гафури, д. 797 стр. 2/7, 790685",125,
5163767357309,Carey-Diaz,"с. Лазаревское, бул. Юности, д. 88 стр. 3, 592948",2476,Gevaarlijk
1062328977303,Rivers-Mccarthy,"п. Волоколамск, ул. Западная, д. 360 стр. 2/4, 277525",2266,Doc
5227564447457,"Khan, English and Schroeder","ст. Тверь, ул. Целинная, д. 432 стр. 99, 834326",1180,Enorme
5197226968329,"Aguilar, Choi and Jones","к. Курильск, алл. Запорожская, д. 427, 331288",1813,Teleur
1202067988792,Bradley-Powell,"к. Подольск, алл. Металлистов, д. 495 к. 8, 723605",2314,
5205240738984,"Mann, Peters and Jones","г. Камень-на-Оби, наб. Лазо, д. 482 к. 2/7, 932184",141,
1141283829730,Ramirez Group,"п. Владикавказ, алл. Мичурина, д. 7/9 к. 124, 704693",526,
1224636616038,Vega-Munoz,"п. Пермь, пер. Ульяновский, д. 3/6, 752373",228,
5048717333484,Ryan-Owen,"клх Петухово, бул. Набережный, д. 1 стр. 440, 502250",1158,
1139137062162,Jackson-Lewis,"с. Шелагонцы, ул. Курская, д. 2/1 стр. 3/4, 093601",2967,Lerares
5066359196382,Singleton PLC,"п. Тобольск, пр. Сосновый, д. 30 стр. 631, 715017",915,
5154358390423,Miller-Mccormick,"клх Черняховск, наб. Базарная, д. 8 стр. 14, 121588",1472,Gauw
1060678928760,Thomas-Cunningham,"г. Ясный (Оренб.), наб. Р.Люксембург, д. 206 к. 55, 927559",2484,Experiment
1132500825742,Collier-Taylor,"с. Сковородино, ш. Торговое, д. 273 к. 376, 712693",257,
5102544263927,Rhodes-Cooper,"п. Осташков, пр. Союзный, д. 8/3 стр. 7/6, 101703",1687,Belt
1131663328136,Smith-Miller,"г. Губкинский, пер. Семашко, д. 5/9, 642320",2105,Sid
5051461323216,"Taylor, Weber and Maxwell","г. Кинешма, ш. Маркса, д. 47 стр. 55, 700259",715,
5112793686297,Rivera-Bruce,"ст. Астрахань, ул. Розы Люксембург, д. 238 стр. 61, 124040",2990,Justitie
1082804292890,Allen Ltd,"ст. Кинешма, пер. Виноградный, д. 6/4 стр. 9, 236421",1193,
5087062674133,Pham PLC,"к. Вуктыл, наб. Космонавтов, д. 170 стр. 3/8, 002178",2957,
5135168434264,Wilson-Davis,"с. Камышлов, пер. Механический, д. 56 стр. 88, 105105",1350,Justitie
5113290716985,Barker and Sons,"к. Балтийск, наб. Больничная, д. 547 к. 74, 107863",249,
1091390857414,Nguyen-Meyers,"к. Беслан, ул. Сенная, д. 241 к. 5/9, 168167",2173,
5018431218438,Ross-Fitzgerald,"клх Чусовой, бул. Химиков, д. 6 к. 1/1, 913510",1385,Mary
1156168997390,Davis-Nichols,"г. Ельня, ш. Сенное, д. 99, 986580",2614,
1163256763350,Davis-Mckay,"п. Шатура, пр. Краснодарский, д. 28 стр. 2, 258031",2837,
1014688026583,Weaver LLC,"г. Оленек, бул. Ломоносова, д. 6 стр. 430, 606426",2132,
1140189768180,"Dawson, Fletcher and Whitaker","с. Невельск, бул. Флотский, д. 1 стр. 51, 469786",952,Gebruik
5220508135030,Collins-Scott,"к. Неплюевка, наб. Прохладная, д. 9/1 стр. 219, 751581",1775,
5210837603961,Strickland Ltd,"к. Каменск-Шахтинский, ш. Фабричное, д. 373, 285414",2827,Wie
1125251496920,Taylor-Jones,"клх Прохладный, пр. Куйбышева, д. 63 стр. 882, 019455",1925,Schreeuwen
5148745977221,"Doyle, Reed and Griffith","к. Куртамыш, бул. Партизанский, д. 24 к. 9, 864139",212,
5156211791324,Murphy-Ramirez,"ст. Нурлат, пр. Логовой, д. 2/3, 190768",2959,BMW
1209184586291,"Williamson, Gutierrez and Alvarez","п. Улан-Удэ, ш. 9 Января, д. 99 к. 6, 458608",2685,
5100799843766,"Huber, Mccoy and Ellis","д. Катав-Ивановск, наб. Репина, д. 869 стр. 4, 713394",2251,Mevr
5063356076086,Webb LLC,"г. Сусуман, наб. Сахалинская, д. 35, 407863",1335,
1143456483720,Lewis-Thomas,"д. Кяхта, пр. Войкова, д. 157, 628479",2276,Al
5026150093240,Chen-Morales,"п. Сосьва (Хант.), пр. Стахановский, д. 3 к. 7/7, 420235",1223,Kluis
1066362701448,David Inc,"п. Обнинск, алл. Воровского, д. 5, 865317",146,
5072949260160,Pierce Inc,"г. Йошкар-Ола, пр. Торговый, д. 32 к. 3/2, 189155",1371,Geïnteresseerd
5218755445673,Davis-Carter,"д. Валдай, ш. Чернышевского, д. 93 стр. 8/5, 049614",1409,
1217198036637,Taylor-Mckee,"д. Объячево, пер. Терешковой, д. 124 стр. 5/2, 718059",2047,Borrel
5099140305248,"Martinez, Sweeney and Sanchez","г. Сочи, ш. Советов, д. 2, 339311",1814,Laarzen
5072787789993,Ramirez LLC,"к. Дербент, бул. Медицинский, д. 78 стр. 3/7, 408780",1520,Job
5034686833550,"West, Thomas and Baker","п. Наро-Фоминск, пр. Шишкина, д. 62, 321638",2192,
5212889087285,"Cervantes, Herrera and Cortez","с. Чегем, наб. Дзержинского, д. 6/6, 660261",2560,Theater
5147184594090,"Chandler, Figueroa and Williams","к. Сызрань, наб. Амурская, д. 8/4 к. 3/2, 846297",1390,Voorwaarts
1171958271781,Hooper-Hamilton,"с. Тула, алл. Каштановая, д. 7/8, 870214",1270,
1057637541906,Hays-Miller,"г. Коломна, ш. Ключевое, д. 747, 967025",640,
5020747524595,Davis-Patterson,"к. Карталы, ш. Лазурное, д. 358 к. 1, 948391",1396,Lieverd
1017781773570,"Guzman, Washington and Ibarra","ст. Холмогоры, ш. Инженерное, д. 5, 862427",2605,Spanning
1174516722203,"Kennedy, Sanford and Moore","г. Клин, ул. 30 лет Победы, д. 55 к. 35, 984705",1898,Scott
1174329627086,Rangel-Flores,"ст. Киржач, алл. Ангарская, д. 57 к. 53, 062270",2387,Moeten
1083598109528,Evans and Sons,"ст. Павловский Посад, бул. Фрунзе, д. 3/5 к. 2/3, 298616",790,
1035606911372,Christensen-Burton,"г. Темрюк, ул. Морозова, д. 805 к. 62, 509487",1781,Snelweg
5154293402929,"Brooks, Wilkinson and Parker","ст. Минусинск, алл. Карла Маркса, д. 2, 566179",2762,Justitie
5155514723920,"Crawford, Fleming and Rodriguez","клх Джейрах, наб. Машиностроителей, д. 378, 239094",2944,
5040918583349,Martin-Thomas,"к. Ейск, наб. Коммунистическая, д. 7, 866488",2818,
1207825238499,Harvey-Phillips,"к. Магас, ш. ДОС, д. 16, 625144",502,
5137892323608,"Parker, Jackson and Edwards","клх Пушкинские Горы, бул. Дорожный, д. 267, 767020",1227,
1062957932014,Blankenship-Boyd,"г. Раменское, алл. Черняховского, д. 5 стр. 4, 663281",2892,Gevoel
5106609079264,"Stewart, Black and Robinson","с. Зарайск, бул. Сенной, д. 7, 217077",1084,Schoft
5065813425948,Martinez Group,"п. Петропавловск-Камчатский, пр. Энгельса, д. 32 стр. 873, 423295",2096,Hersteld
1134229367304,Ball-Smith,"с. Комсомольск-на-Амуре, пер. Донской, д. 349, 412168",1503,Gedrag
5115479226957,Davis PLC,"д. Моршанск, пер. Шишкина, д. 969 к. 4, 528371",2158,Koelkast
1015965105640,Stevenson Group,"г. Шатки, ул. Рыбацкая, д. 572, 419278",2433,Route
5038146674880,Snyder-Shelton,"д. Валдай, бул. Карла Маркса, д. 23, 099536",1543,Leiden
5154729092580,Hernandez-Wilkerson,"г. Диксон, алл. Орловская, д. 168 к. 7/5, 189196",2572,West
5203526163319,Perkins-Hicks,"к. Березники, алл. Таежная, д. 1/8 к. 2, 468776",2857,
1165995846455,"Carlson, Clark and Romero","д. Чегем, ш. Максима Горького, д. 6/1, 525234",829,Schoten
5058708857994,Roberts and Sons,"ст. Тихорецк, ул. Вахитова, д. 6 к. 5/4, 242061",2037,
5070520213396,Howard-Serrano,"д. Теберда, ш. Коминтерна, д. 8 стр. 727, 901581",2270,Trots
5137073471970,Brown and Sons,"клх Охотск, пр. Тихий, д. 56 к. 165, 398911",1088,Kooi
5169167484888,Carpenter-Howard,"д. Оленек, пр. Мичурина, д. 73, 026478",341,Commissaris
5113279184882,Allen-Pollard,"к. Невинномысск, ул. Волочаевская, д. 3, 570048",299,Hoopte
1055447102204,"Reese, Williamson and Thomas","ст. Каргополь, пер. Весенний, д. 7, 553514",1488,
1195564372827,Pope-Erickson,"клх Чусовой, пр. Спортивный, д. 141 стр. 751, 394434",641,
1084872488579,"Mendoza, Rodriguez and Nelson","п. Диксон, пер. Мелиоративный, д. 7, 452288",2589,
1127196501959,"Summers, Fleming and Mitchell","д. Дагомыс, бул. Водопроводный, д. 2 стр. 1, 351407",1393,Hoop
5130365919900,"Roberts, Blackwell and Hernandez","п. Кострома, ул. Дарвина, д. 85 стр. 65, 446442",330,
5167114611439,Orr and Sons,"д. Раменское, наб. Карла Либкнехта, д. 8/1 стр. 21, 241869",2150,Mail
5131872141715,Jordan LLC,"ст. Середниково, наб. Вишневая, д. 284, 208316",2501,
1199144649560,"Graham, Graham and Salazar","с. Пушкин, ул. Кошевого, д. 270 к. 9/9, 225057",2163,
5211797369647,"Ray, Robinson and Barber","д. Юрюзань, алл. Комарова, д. 2/3 стр. 8/6, 310565",2971,Clay
5093626806807,Boyd-Lopez,"к. Морозовск, алл. Урицкого, д. 552 к. 28, 318054",1630,Leefde
1037146450197,"Carr, Potts and Martinez","д. Джубга, ш. Степное, д. 1 стр. 1/8, 106161",1349,Onthou
1120980877159,Carroll-Hinton,"клх Белый Яр (Томск.), пер. Полевой, д. 3/5 стр. 1, 545210",639,Doorstaan
1211289375791,"Stewart, Ross and Lewis","с. Неплюевка, ул. Рылеева, д. 48, 838155",2181,
5179067775002,Collins and Sons,"г. Ямбург, ул. Тамбовская, д. 8 стр. 534, 379568",1186,
1128901476021,Vargas-Kelly,"п. Петропавловск-Камчатский, ул. Западная, д. 52, 871314",1695,Verdien
5010943109678,Shepherd and Sons,"клх Ишим, бул. Осипенко, д. 59, 529448",2975,Opel
5191776868179,Brown PLC,"г. Шатура, ш. Карла Маркса, д. 26 стр. 1/3, 969155",2119,Sandy
5172278441176,"Cook, Mcguire and Smith","клх Екатеринбург, пр. Загородный, д. 668 к. 1/3, 660910",2369,Offer
1211170111789,Underwood Group,"ст. Киренск, пер. Мелиораторов, д. 9/4 к. 754, 924082",1647,
5188416197173,Lewis-Cunningham,"г. Шелагонцы, бул. Пархоменко, д. 12 стр. 976, 607466",2642,
1167047101935,Marquez-Vasquez,"д. Катав-Ивановск, пер. Высоцкого, д. 198 к. 9/5, 186517",1643,Genaamd
5054027176935,Howard-Turner,"клх Оса, алл. 60 лет СССР, д. 7 стр. 7/6, 540063",2635,Beloven
1145255362570,Johnson-Miller,"к. Тында, бул. Солнечный, д. 26, 490728",1964,Podium
1221470425131,Pena and Sons,"д. Надым, бул. Краснознаменный, д. 490, 403718",1864,Prinses
5095419442509,"Garner, Evans and Dominguez","г. Домбай, ул. Космодемьянской, д. 3, 773523",1414,Stront
5176882564249,"Rosario, Alvarez and Klein","ст. Москва, МГУ, пр. Стадионный, д. 15 стр. 73, 123895",401,Tracy
5063446615337,Flynn PLC,"д. Каргополь, наб. Макаренко, д. 5/2, 059038",450,
5106408976768,Williams-Franklin,"к. Кирово-Чепецк, пр. Дальний, д. 899 к. 728, 788194",118,Sean
5166515005685,Downs Ltd,"к. Каменск-Шахтинский, бул. Лазурный, д. 10, 407170",1849,
5217941669314,Alvarez-Love,"к. Завьялиха, пер. Донской, д. 34 стр. 4, 387600",1756,
5117784085117,Frey-Harvey,"к. Магас, ш. Папанина, д. 257, 235016",901,Pa
5186776591799,Smith-Smith,"д. Тарко-Сале, ул. Привокзальная, д. 2/2, 759172",2331,Straten
1101344579797,Bryan LLC,"п. Видное, наб. Чкалова, д. 83, 608986",1148,Verdachte
1218894782039,Harvey-Tran,"д. Екатеринбург, ш. Портовое, д. 8/2 стр. 718, 546898",1182,
5219200529280,Robinson PLC,"к. Теберда, ул. Проезжая, д. 18 к. 99, 226325",319,
1122101126620,Fitzpatrick-Salinas,"п. Нижний Новгород, алл. Заозерная, д. 83 к. 4, 685439",786,
1131152141450,Gibbs Group,"д. Гатчина, бул. Щорса, д. 68 стр. 98, 781165",781,
1017516032775,Hughes Ltd,"ст. Крымск, пр. Сурикова, д. 8, 160340",1131,
1117797523590,Perry LLC,"п. Сортавала, алл. Нагорная, д. 2/7 к. 72, 854546",1895,
1111650624997,Burke and Sons,"с. Шатой, пер. Подгорный, д. 6 стр. 3, 796205",2559,
1143427081710,Fuentes-Santos,"ст. Одинцово, ул. Абрикосовая, д. 8 стр. 7, 708387",2561,
1207334827952,Fletcher-Lowe,"с. Можайск, алл. Краснодарская, д. 81 стр. 775, 336003",2313,
1161306807210,Flores Ltd,"к. Юрьевец (Иван.), ш. Маяковского, д. 57 к. 5/6, 121559",328,Nieuwsgierig
1070181823755,Lowe-Brown,"клх Внуково (метеост.), пер. Некрасова, д. 15 к. 382, 910111",175,
1035363251472,Mendoza and Sons,"к. Сусуман, пер. Путевой, д. 33, 339310",1827,
1190375376290,"Reyes, Carter and Le","с. Кудымкар, ул. Революционная, д. 633, 923431",1773,
5068994035204,Day-Becker,"д. Великий Устюг, алл. Лесная, д. 64 стр. 5, 085439",1412,SsangYong
5182706463429,Kramer-Schmidt,"с. Кажим, ш. Раздольное, д. 2 стр. 5/9, 046676",622,Schreeuw
5127259981976,Bryant-Gould,"с. Дно, алл. Монтажников, д. 25 к. 2, 093503",2215,
1055934485991,Huber-Campbell,"с. Нефедова, ул. К.Маркса, д. 396 к. 7/1, 654365",1271,Stront
5211865562068,"Miller, Thomas and Rasmussen","д. Снежинск, пер. Магистральный, д. 8 к. 82, 932370",669,
1025211191147,Allison Group,"ст. Краснодар, пр. Детский, д. 39 стр. 7, 618308",529,Meenemen
1207319655289,"Johnson, Miranda and Smith","д. Моршанск, ул. Рязанская, д. 755 стр. 2/5, 849663",824,Bewusteloos
1166523224780,"Mclaughlin, Castaneda and Jackson","клх Палана, наб. Плеханова, д. 1 стр. 8/1, 018317",2143,Verkeerd
1063621203910,Allen LLC,"д. Калач, пер. Победы, д. 8/3 стр. 920, 506412",2286,Fiat
1212657552458,Larson Inc,"с. Серов, алл. Короткая, д. 2/2 стр. 834, 328608",1618,Haren
5158397914274,Young-Hill,"д. Белоярский, пр. Высокий, д. 379 стр. 214, 626065",2752,
1070873949101,"Friedman, Ali and Torres","клх Невельск, пр. Папанина, д. 9 к. 702, 996615",1471,
1063431474314,Holmes LLC,"г. Дудинка, пр. Детский, д. 4 к. 34, 008774",1161,Samen
5013965601315,Hale Group,"к. Березники, алл. Владимирская, д. 8/4 стр. 27, 309083",2786,Bijna
5194219330960,Oneill-Johnson,"с. Сыктывкар, ул. Калужская, д. 4 стр. 389, 467319",150,Koelkast
1068300515667,Juarez-Thomas,"д. Урюпинск, ш. Западное, д. 22 к. 38, 700881",2677,Beloofde
5049297198528,Graham-Taylor,"с. Печора, наб. Кольцевая, д. 8 к. 4/7, 711997",2336,Vroeger
5049297912362,"Grant, Hernandez and Frazier","г. Грозный, пер. Больничный, д. 230 стр. 185, 691842",2771,
1051130999490,Ross Group,"клх Талдом, бул. Волжский, д. 580, 341943",2315,Gevoel
5078621027172,"Quinn, Schroeder and Ellison","д. Тутончаны, пр. Ушакова, д. 3/4, 547034",1410,
5023590463530,Brown-Aguilar,"г. Югорск, алл. Маяковского, д. 95 стр. 4/4, 149684",2023,
5174875650582,"Nelson, Henry and Collins","ст. Архангельск, пер. Пугачева, д. 5 стр. 79, 099948",1060,Verzinnen
1207192528212,Cox-Thompson,"клх Россошь, ул. Высокая, д. 3, 236266",977,
5082423352633,Myers-Obrien,"г. Саранск, ш. Волочаевское, д. 9/6 стр. 708, 925818",2745,Kont
1174442251280,Erickson Group,"ст. Троицко-Печорск, пр. Звездный, д. 896 к. 5, 210846",1701,Set
5103925556752,"Smith, Ortega and Collins","к. Новороссийск, наб. Логовая, д. 2/4, 668966",2002,Leiding
1226178093382,Mccann Inc,"ст. Нефедова, бул. Фабричный, д. 468, 223816",2671,
5200781907299,"Martin, Chung and Curtis","д. Цимлянск, пр. Беляева, д. 79 к. 4, 696535",1043,
1024427787130,"Henderson, Dixon and Williams","г. Новомичуринск, пер. Черемуховый, д. 7, 912343",959,Lieveling
5081386700104,Harris-Bell,"п. Устюжна, пер. 50 лет Октября, д. 872, 639759",383,
1054108458227,Lawson-White,"к. Новокузнецк, наб. Пархоменко, д. 1/8 к. 730, 691706",2354,
5113609624453,"Chapman, Sutton and Taylor","п. Павловский Посад, бул. Совхозный, д. 40 стр. 11, 995593",2844,
1156890917600,"Weeks, Johnson and Lara","клх Благовещенск (Амур.), пер. Владимирский, д. 668, 564475",2127,
1121386858383,West LLC,"клх Жиганск, бул. Плеханова, д. 11 стр. 94, 608264",2462,Leert
5078602955756,Garcia-Farrell,"с. Кизилюрт, ул. Островского, д. 6/5 стр. 8/5, 254597",443,Gestraft
1011251965680,Nichols LLC,"д. Данков, пер. Таежный, д. 6 стр. 190, 605438",1886,
1108951524604,Martinez-Arias,"г. Нижнеудинск, пр. Аэродромный, д. 7, 735533",533,
1195254469618,Phillips-Gonzales,"клх Балтийск, наб. Пархоменко, д. 2/3, 965350",1491,Paar
5171948384427,"Gray, Scott and Rogers","г. Усть-Ордынский, ул. Поселковая, д. 6 к. 53, 962104",1847,
1065561519143,Mills Ltd,"г. Ряжск, наб. Ветеранов, д. 96 стр. 5/4, 382746",266,
5089193268600,Webb LLC,"п. Одинцово, бул. Огородный, д. 6/4, 571416",2437,
5193898306487,Mitchell-Martin,"клх Самара, ул. Орджоникидзе, д. 7 стр. 42, 969780",2131,Eer
5138179190177,"Elliott, Thomas and Mayer","с. Учалы, алл. Фурманова, д. 99 к. 39, 308329",2388,
1109071743714,Mullins LLC,"с. Невельск, пр. Заводской, д. 9/4 к. 642, 206469",2615,Discussie
1094806540575,Fleming Inc,"с. Саранск, ул. Гафури, д. 2/5, 091121",651,
1173492980330,Johns-Murphy,"г. Кырен, наб. Новгородская, д. 9/5, 150498",1354,Verward
5115175151812,"Miller, Hernandez and Marsh","с. Моздок, ул. Запрудная, д. 442, 482831",130,Borsten
5082946039633,Duran Inc,"с. Рязань, бул. Тенистый, д. 9/2 к. 144, 960434",2551,Hoer
1147527278964,Richmond-Mercado,"к. Калязин, наб. Лермонтова, д. 212, 693445",248,
1097833517044,"Jones, Davis and Horn","г. Усть-Кут, ул. Азина, д. 9/2 стр. 70, 088914",906,Jeetje
1068726195350,Bates-Baker,"с. Кяхта, наб. Октября, д. 96 к. 57, 945127",1105,Star
1188937379400,"Blair, Walker and Day","д. Рязань, алл. Волочаевская, д. 58, 782365",2694,
1064369163693,Barron-Williams,"с. Гремячинск (Перм.), бул. Правды, д. 598 стр. 8, 533104",970,
1035119254037,"Williamson, Harris and Long","к. Горячий Ключ, наб. Ветеранов, д. 6 стр. 455, 789595",2280,
5121646614821,Dixon-Johnson,"п. Карталы, наб. Гаражная, д. 3 к. 3, 851349",741,
5194321443652,Schroeder-Jenkins,"к. Саров (Морд.), пер. 60 лет СССР, д. 361 к. 60, 682988",1536,
5020323207471,Tate-Harvey,"г. Цимлянск, пер. Рабочий, д. 7 стр. 97, 596121",532,Toyota
1025770353465,Tanner-Munoz,"п. Калач, ш. Рязанское, д. 466 стр. 8/2, 929391",1537,
1158741974940,Gray Ltd,"п. Слюдянка, бул. Полярный, д. 1 к. 587, 184239",987,
1065132029247,"Jones, Myers and Martinez","д. Макаров, бул. Ворошилова, д. 61 к. 70, 749720",1241,
5089201789727,Smith PLC,"к. Новомосковск, пер. Колхозный, д. 6 к. 1/7, 283659",1347,Kluis
5012462239125,Rodriguez PLC,"г. Яр-Сале, ш. Торговое, д. 241 к. 46, 462385",2794,Proces
1031739875353,Hamilton-Morales,"ст. Каспийск, пр. Южный, д. 56 к. 15, 956312",40,Spul
5011245482738,"Schultz, Dickerson and Schmidt","д. Инта, ул. Крылова, д. 366 стр. 78, 726427",468,
1102904433818,Pierce Group,"ст. Гудермес, бул. Рыбацкий, д. 884 стр. 27, 490595",389,Voorwaarts
5178449762926,"Bailey, White and Velez","к. Старый Оскол, наб. Калинина, д. 431 к. 46, 532229",1890,
5186693868191,"Griffin, Richardson and Camacho","к. Астрахань, ш. Студенческое, д. 87, 664622",70,
5126121287364,"Zamora, Young and Calderon","д. Кизел, бул. Кузнечный, д. 58 к. 6/9, 183245",162,
5051517079940,"Taylor, Best and Berg","д. Сыктывкар, пер. Запорожский, д. 4, 909210",1109,
1151851942637,"Johnson, Cannon and Little","с. Каргасок, пр. Почтовый, д. 3 к. 471, 177995",1143,
1181566730454,Cooper-Boyer,"клх Кяхта, бул. Докучаева, д. 4, 587973",808,Aardige
1017529341631,West Ltd,"с. Щельяюр, ул. Советов, д. 5/5, 352271",172,
5113909675600,Lee-Bates,"г. Верхотурье, бул. Дорожный, д. 2/3 стр. 7/8, 666437",46,Zieke
5136974888210,Brewer-Atkinson,"п. Белоярский, ш. Проезжее, д. 2/3 к. 8, 719320",975,
1024234409726,Duran-Hayden,"клх Ребриха, ул. Красная, д. 6/3, 198191",1221,
1137409865559,Williams and Sons,"ст. Красноуральск, бул. Культуры, д. 96, 848836",1027,
1214752071005,Long LLC,"г. Домодедово, ш. Пожарского, д. 82, 653238",2987,Excuseren
5025433255030,"Holmes, Knight and Gray","д. Плес, ш. Макаренко, д. 225, 116116",1681,Feit
5020612665244,Sanchez-Edwards,"клх Омск, наб. Короткая, д. 263 стр. 436, 860011",2474,Hoeft
5112886770937,Walton-Vasquez,"г. Цимлянск, пер. Профсоюзный, д. 7 к. 610, 886130",278,Advies
1140282938685,Kline-Cannon,"клх Катайск, ш. Победа, д. 61 стр. 5/9, 350514",954,Sid
5037080725556,"Hamilton, Malone and Martin","ст. Октябрьский (Башк.), пер. Привокзальный, д. 5/9, 599008",1124,Bewusteloos
5091454285270,Haas-Wall,"г. Глазов, пер. Петровский, д. 9 к. 6/4, 556408",595,Haren
1115223629916,"Cox, Newman and Allen","клх Улан-Удэ, пер. Культуры, д. 207 стр. 7/6, 595900",1603,
5149220269171,"Coffey, Grimes and Dixon","к. Шаховская, пер. Тополиный, д. 5 к. 358, 059882",1896,
5216173711606,"Taylor, Berry and Chase","ст. Джейрах, пр. Репина, д. 1/6, 662352",2511,Set
5067754441596,"Turner, Sandoval and Adams","ст. Истра, ул. Угловая, д. 400, 141202",1272,
1033080465714,"Kemp, Miller and Salazar","г. Владимир, пр. Таежный, д. 50 к. 1, 815959",1263,
1145131201962,"Davis, Paul and Day","ст. Ступино, пр. Снежный, д. 2 стр. 8, 890804",2760,Duurde
5111470042789,Dawson PLC,"д. Пышма, наб. Гаражная, д. 4/6 к. 9, 029770",2242,Koekjes
1020912520342,"Vaughn, Reed and Phillips","д. Сочи, алл. Кузнецова, д. 1, 634180",768,
5187190964384,"Edwards, Moreno and Watkins","ст. Краснодар, бул. Лесозаводский, д. 123 стр. 49, 112396",1641,
5081447087211,"Moses, Faulkner and Andersen","к. Бомнак, алл. Нижняя, д. 1 к. 2/7, 340064",1991,
1010676217793,Sanders LLC,"клх Находка, пер. Тихий, д. 3/3, 836742",2521,Dumpen
1152380876020,"Pena, Harper and Newman","г. Железногорск(Курск.), алл. Майская, д. 51 стр. 9/9, 635353",62,
1027157561640,Bryan-Garcia,"клх Александровск-Сахалинский, наб. Железнодорожная, д. 545 стр. 638, 891740",1375,
1172896807104,Green LLC,"к. Усть-Баргузин, ш. Гайдара, д. 269 к. 1/2, 770478",2874,
1118256791575,Garcia Group,"г. Чокурдах, пер. Зеленый, д. 416, 849232",1976,
5025131025398,Rodriguez-Gonzalez,"г. Костомукша, наб. Енисейская, д. 72 стр. 1/6, 837526",210,Overeind
1010819905689,Rodriguez-Petty,"п. Алагир, пр. Черемуховый, д. 565, 504799",2644,
1056868730258,King Ltd,"с. Ишим, ул. Коммунистическая, д. 2/3, 745366",2458,Bezet
5081371927863,"Morrison, Chapman and Anderson","клх Суздаль, наб. Советской Армии, д. 80 к. 364, 955643",2041,Doorstaan
1078784203728,"Spencer, Clark and Wright","г. Петушки, наб. Зеленая, д. 547 к. 8/1, 153316",1934,Stal
5124757378048,Clarke PLC,"п. Дзержинск, пер. Водопроводный, д. 3, 973737",986,
5116025839331,Harris Ltd,"к. Белогорск (Амур.), наб. Смирнова, д. 1 стр. 91, 051456",2673,Bleven
1038371480685,Evans Ltd,"клх Старая Русса, ш. Геологическое, д. 4, 168752",963,Vertrok
1176973877266,Trujillo Ltd,"клх Кош-Агач, бул. Краснофлотский, д. 9 стр. 15, 645990",1321,
5183219751633,Williams-Bradley,"ст. Диксон, ул. Инженерная, д. 4, 908711",1985,Job
5148746024653,Watts-Carey,"г. Обнинск, бул. Нефтяников, д. 2/8 стр. 136, 032954",2926,LADA
5197370802393,Carr LLC,"п. Балашиха, бул. З.Космодемьянской, д. 6/9 к. 4/2, 414000",958,Ratten
5172127598726,Oneill PLC,"к. Тамбов, пер. Республиканский, д. 5/8, 283078",679,Jennifer
5020317669830,Johnson Group,"г. Нарткала, ш. Высоковольтное, д. 35 к. 9, 167654",194,Huilde
5055720609225,Graves Ltd,"п. Игарка, наб. Каштановая, д. 3 стр. 100, 455688",478,Shane
1147449377393,"Howard, Perry and Green","с. Александровск, пр. Папанина, д. 51 к. 687, 871526",74,House
1020821103555,Morrow Inc,"ст. Александров Гай, пр. Труда, д. 208 к. 6/2, 366467",315,
5202330781989,"Green, Wilson and Rosales","к. Великий Устюг, ш. Революционное, д. 7, 142041",2421,Vreemd
1215501170994,Park-James,"к. Нарьян-Мар, ш. Астраханское, д. 9/2 к. 8, 335686",713,Drie
1082220285223,"Villarreal, Stone and Howell","с. Южно-Курильск, наб. Приозерная, д. 6, 742224",122,
1075448264760,Figueroa-Mcbride,"п. Губкинский, бул. Полевой, д. 1/6 к. 7, 449956",2318,
5088317476870,Cardenas Ltd,"д. Саратов, алл. Городская, д. 6, 343882",2733,Hoogste
1201223725889,"Collins, Baldwin and Oneill","с. Саянск, наб. Карла Маркса, д. 2, 535436",2699,Nee
1161899687652,Griffith-Goodman,"ст. Поярково, пер. Гвардейский, д. 532 стр. 53, 157029",208,Hoeft
5115923275419,Wilkins Ltd,"г. Коломна, пер. Крестьянский, д. 580, 688496",911,
5077275682226,Brown-Peterson,"д. Соловки, ул. Загородная, д. 966 к. 2/3, 257231",968,
1088544483994,Bryant Inc,"с. Малая Вишера, наб. Кленовая, д. 8, 650312",716,Leo
5165254864540,Martinez-Baker,"д. Торжок, пер. Труда, д. 620 к. 9/2, 700367",1825,Nutteloos
1033037021380,Gibson Group,"к. Торжок, наб. Первомайская, д. 906 стр. 9/9, 796491",192,Tong
5173519999197,Dawson-Glenn,"клх Ревда (Сверд.), алл. Славянская, д. 18 стр. 44, 262865",1311,Hoogte
5214407170313,Beasley Ltd,"г. Кош-Агач, алл. Механическая, д. 7 к. 477, 505485",2144,Omar
5213627110769,Lewis-Saunders,"п. Данков, ш. Волгоградское, д. 2 к. 550, 490213",2371,
1186521870380,Baldwin-Carter,"клх Невьянск, наб. Химиков, д. 37, 294818",441,
5074752190508,Caldwell Ltd,"д. Архыз, бул. Р.Люксембург, д. 3/8, 463908",2634,Ophouden
1134343598421,Gomez-Lam,"д. Холмогоры, ш. Зои Космодемьянской, д. 8 к. 6, 397185",1247,Langs
1095080927611,Gonzalez Inc,"п. Обнинск, алл. Крымская, д. 8 к. 4, 710850",2352,
1050204319956,"Brown, Roach and Lowery","клх Печора, наб. Станционная, д. 15, 246367",955,Omgekomen
5107646105804,Myers-Bailey,"к. Вязьма, пр. Главный, д. 49, 260322",2135,Lauren
1015291433948,Mccarthy-Casey,"с. Старый Оскол, алл. Водников, д. 7/3, 994885",1476,
1213730806046,"Phillips, Lee and Johnson","к. Верхотурье, бул. Томский, д. 572, 305300",1420,
5094341328054,Mccall-Delacruz,"к. Соловки, ул. Большевистская, д. 27, 842357",2175,
5148407636636,Rivera Group,"с. Мытищи, пр. 9 Января, д. 5 к. 1, 207323",2447,Bedoel
5171213041368,Fields LLC,"с. Армавир, ул. Некрасова, д. 505, 303767",1678,Alibi
5117966908087,"Allen, Scott and Rodgers","ст. Белореченск, ш. Братское, д. 9, 453976",941,Lerares
5190434672709,Robertson Inc,"клх Елатьма, ш. Некрасова, д. 1, 107270",3000,Succesvol
1143754933101,Smith and Sons,"г. Бавлы, наб. Кирова, д. 87 к. 4, 607538",1660,
5094153221333,Baker Inc,"клх Карабудахкент, бул. Пожарского, д. 5/8 к. 3, 537509",1830,
1061194241008,Craig LLC,"ст. Игарка, пер. Ростовский, д. 8 стр. 51, 854109",846,
1198664831848,Stanton-Guzman,"клх Городовиковск, бул. Виноградный, д. 4/8, 616076",2679,
5167110241293,Cooper PLC,"д. Новый Уренгой, ш. Дальневосточное, д. 54 к. 9, 869505",2482,Borsten
1118749941661,Short LLC,"д. Воркута, алл. Баумана, д. 9/7, 701605",2103,Glazen
5158432964993,"Jimenez, Hoffman and Fisher","п. Боровск, пр. Морской, д. 6, 951983",1319,Mag
1123362628212,Jones PLC,"клх Губаха, бул. Тюленина, д. 1, 619299",1183,
1071125797093,Kaiser-Valdez,"к. Верхоянск, ул. Проточная, д. 6, 164554",925,
1088279885143,Stevens-Yates,"г. Кузнецк, ш. Полтавское, д. 76, 339108",2203,
1201188309376,Young Group,"г. Салехард, ш. Портовое, д. 668 к. 3/1, 640319",2444,
1221325513386,Allen-Wright,"п. Серафимович, ш. Сельское, д. 7/1 стр. 77, 452900",2841,
5121350081947,Huynh Ltd,"с. Нарткала, ул. Красноярская, д. 45, 421017",176,Gelopen
5108229706426,Rodriguez LLC,"клх Объячево, пр. Горького, д. 564 стр. 6, 818026",1509,
1058423961530,Mendez-Jackson,"ст. Кисловодск, ш. Депутатское, д. 9/9, 779954",2977,
1131021982618,Moore-Scott,"с. Новосибирск, ул. Щорса, д. 827, 341336",1432,
1057165474387,Green and Sons,"п. Рыльск, наб. Вольная, д. 7/4 к. 67, 366787",66,Straling
1117249063865,Cohen and Sons,"к. Долинск, ул. Киевская, д. 9/5 к. 763, 057506",2955,Station
1054346365314,"Reed, Berg and Patel","г. Камышлов, алл. Западная, д. 755 к. 8, 251470",138,Spelletjes
1042480796588,Hill Inc,"с. Ногинск (Моск.), ул. Коммунальная, д. 96, 848374",1794,
5085331461606,Wilson-Jones,"д. Аршан (Бурят.), бул. Заводской, д. 3/8, 972879",37,
5012525612776,Owens LLC,"п. Уфа, ул. Волжская, д. 5 к. 6/2, 693313",844,Geweest
5205857286300,"Mcclain, Kane and Marks","с. Ревда (Сверд.), алл. Одесская, д. 367 стр. 2, 805315",1635,
5082343117445,Hill Ltd,"с. Ершов, наб. Коммунистическая, д. 243 стр. 399, 017115",2882,Sprak
1188920808845,"Stanton, Clark and Jenkins","к. Троицко-Печорск, пер. Локомотивный, д. 601, 392359",1307,Ruik
1013669622625,Nelson LLC,"к. Тихвин, ш. Высоцкого, д. 9 стр. 4, 551212",855,
1085113674084,"Lewis, Nguyen and Pena","ст. Катав-Ивановск, пер. Омский, д. 83 к. 85, 303024",761,
5080430054029,Cohen Group,"с. Чулым, ул. Тепличная, д. 88, 033371",565,Teken
1065763400174,"Ellis, Curry and Morris","ст. Ардон, пр. Островского, д. 9/1, 931385",1380,
